Type,EDI_Std_Nomenclature,AISC_name,T_F,W,A,Ht,h,B,b,tnom,tdes,b/tdes,h/tdes,Ix,Zx,Sx,rx,Iy,Zy,Sy,ry,J,C
HSS,HSS24X12X.750,HSS24X12X3/4,F,171.16,47.1,24,21.9,12,9.91,0.75,0.698,14.2,31.4,3440,359,287,8.55,1170,221,195,4.98,2850,366
HSS,HSS24X12X.625,HSS24X12X5/8,F,144.39,39.6,24,22.3,12,10.3,0.625,0.581,17.7,38.4,2940,304,245,8.62,1000,188,167,5.03,2430,310
HSS,HSS24X12X.500,HSS24X12X1/2,F,116.91,32.1,24,22.6,12,10.6,0.5,0.465,22.8,48.6,2420,248,202,8.68,829,154,138,5.08,1980,252
HSS,HSS22X22X.875,HSS22X22X7/8,F,244.88,67.3,22,19.6,22,19.6,0.875,0.814,24.1,24.1,4970,530,452,8.59,4970,530,452,8.59,7890,729
HSS,HSS22X22X.750,HSS22X22X3/4,F,212,58.2,22,19.9,22,19.9,0.75,0.698,28.5,28.5,4350,462,395,8.65,4350,462,395,8.65,6860,632
HSS,HSS20X20X.875,HSS20X20X7/8,F,221.06,60.8,20,17.6,20,17.6,0.875,0.814,21.6,21.6,3670,433,367,7.77,3670,433,367,7.77,5870,597
HSS,HSS20X20X.750,HSS20X20X3/4,F,191.58,52.6,20,17.9,20,17.9,0.75,0.698,25.6,25.6,3230,378,323,7.84,3230,378,323,7.84,5110,519
HSS,HSS20X20X.625,HSS20X20X5/8,F,161.4,44.3,20,18.3,20,18.3,0.625,0.581,31.5,31.5,2750,320,275,7.88,2750,320,275,7.88,4320,437
HSS,HSS20X20X.500,HSS20X20X1/2,F,130.52,35.8,20,18.6,20,18.6,0.5,0.465,40,40,2260,261,226,7.95,2260,261,226,7.95,3510,355
HSS,HSS20X12X.750,HSS20X12X3/4,F,150.75,41.5,20,17.9,12,9.91,0.75,0.698,14.2,25.6,2190,270,219,7.26,988,190,165,4.88,2220,303
HSS,HSS20X12X.625,HSS20X12X5/8,F,127.37,35,20,18.3,12,10.3,0.625,0.581,17.7,31.4,1880,230,188,7.33,851,162,142,4.93,1890,257
HSS,HSS20X12X.500,HSS20X12X1/2,F,103.3,28.3,20,18.6,12,10.6,0.5,0.465,22.8,40,1550,188,155,7.39,705,132,117,4.99,1540,209
HSS,HSS20X12X.375,HSS20X12X3/8,F,78.52,21.5,20,19,12,11,0.375,0.349,31.4,54.3,1200,144,120,7.45,547,102,91.1,5.04,1180,160
HSS,HSS20X12X.313,HSS20X12X5/16,F,65.87,18.1,20,19.1,12,11.1,0.3125,0.291,38.2,65.7,1010,122,101,7.48,464,85.8,77.3,5.07,997,134
HSS,HSS20X8X.625,HSS20X8X5/8,F,110.36,30.3,20,18.3,8,6.26,0.625,0.581,10.8,31.4,1440,185,144,6.89,338,96.4,84.6,3.34,916,167
HSS,HSS20X8X.500,HSS20X8X1/2,F,89.68,24.6,20,18.6,8,6.6,0.5,0.465,14.2,40,1190,152,119,6.96,283,79.5,70.8,3.39,757,137
HSS,HSS20X8X.375,HSS20X8X3/8,F,68.31,18.7,20,19,8,6.95,0.375,0.349,19.9,54.3,926,117,92.6,7.03,222,61.5,55.6,3.44,586,105
HSS,HSS20X8X.313,HSS20X8X5/16,F,57.36,15.7,20,19.1,8,7.13,0.3125,0.291,24.5,65.7,786,98.6,78.6,7.07,189,52,47.4,3.47,496,88.3
HSS,HSS20X4X.500,HSS20X4X1/2,F,76.07,20.9,20,18.6,4,2.6,0.5,0.465,5.6,40,838,115,83.8,6.33,58.7,34,29.3,1.68,195,63.8
HSS,HSS20X4X.375,HSS20X4X3/8,F,58.1,16,20,19,4,2.95,0.375,0.349,8.46,54.3,657,89.3,65.7,6.42,47.6,26.8,23.8,1.73,156,49.9
HSS,HSS20X4X.313,HSS20X4X5/16,F,48.86,13.4,20,19.1,4,3.13,0.3125,0.291,10.7,65.7,560,75.6,56,6.46,41.2,22.9,20.6,1.75,134,42.4
HSS,HSS20X4X.250,HSS20X4X1/4,F,39.43,10.8,20,19.3,4,3.3,0.25,0.233,14.2,82.8,458,61.5,45.8,6.5,34.3,18.7,17.1,1.78,111,34.7
HSS,HSS18X18X.875,HSS18X18X7/8,F,197.24,54.3,18,15.6,18,15.6,0.875,0.814,19.2,19.2,2630,346,292,6.96,2630,346,292,6.96,4220,479
HSS,HSS18X18X.750,HSS18X18X3/4,F,171.16,47.1,18,15.9,18,15.9,0.75,0.698,22.8,22.8,2320,302,258,7.02,2320,302,258,7.02,3690,417
HSS,HSS18X18X.625,HSS18X18X5/8,F,144.39,39.6,18,16.3,18,16.3,0.625,0.581,28.1,28.1,1980,257,220,7.07,1980,257,220,7.07,3120,352
HSS,HSS18X18X.500,HSS18X18X1/2,F,116.91,32.1,18,16.6,18,16.6,0.5,0.465,35.7,35.7,1630,210,181,7.13,1630,210,181,7.13,2540,286
HSS,HSS18X6X.625,HSS18X6X5/8,F,93.34,25.7,18,16.3,6,4.26,0.625,0.581,7.33,28,923,135,103,6,158,61,52.7,2.48,462,109
HSS,HSS18X6X.500,HSS18X6X1/2,F,76.07,20.9,18,16.6,6,4.61,0.5,0.465,9.9,35.7,770,112,85.6,6.07,134,50.7,44.6,2.53,387,89.9
HSS,HSS18X6X.375,HSS18X6X3/8,F,58.1,16,18,17,6,4.95,0.375,0.349,14.2,48.6,602,86.4,66.9,6.15,106,39.5,35.5,2.58,302,69.5
HSS,HSS18X6X.313,HSS18X6X5/16,F,48.86,13.4,18,17.1,6,5.13,0.3125,0.291,17.6,58.9,513,73.1,57,6.18,91.3,33.5,30.4,2.61,257,58.7
HSS,HSS18X6X.250,HSS18X6X1/4,F,39.43,10.8,18,17.3,6,5.3,0.25,0.233,22.8,74.3,419,59.4,46.5,6.22,75.1,27.3,25,2.63,210,47.7
HSS,HSS16X16X.875,HSS16X16X7/8,F,173.43,47.7,16,13.6,16,13.6,0.875,0.814,16.7,16.7,1800,268,225,6.14,1800,268,225,6.14,2920,373
HSS,HSS16X16X.750,HSS16X16X3/4,F,150.75,41.5,16,13.9,16,13.9,0.75,0.698,19.9,19.9,1590,235,199,6.19,1590,235,199,6.19,2560,326
HSS,HSS16X16X.625,HSS16X16X5/8,F,127.37,35,16,14.3,16,14.3,0.625,0.581,24.5,24.5,1370,200,171,6.25,1370,200,171,6.25,2170,276
HSS,HSS16X16X.500,HSS16X16X1/2,F,103.3,28.3,16,14.6,16,14.6,0.5,0.465,31.4,31.4,1130,164,141,6.31,1130,164,141,6.31,1770,224
HSS,HSS16X16X.375,HSS16X16X3/8,F,78.52,21.5,16,15,16,15,0.375,0.349,42.8,42.8,873,126,109,6.37,873,126,109,6.37,1350,171
HSS,HSS16X16X.313,HSS16X16X5/16,F,65.87,18.1,16,15.1,16,15.1,0.3125,0.291,52,52,739,106,92.3,6.39,739,106,92.3,6.39,1140,144
HSS,HSS16X12X.750,HSS16X12X3/4,F,130.33,35.9,16,13.9,12,9.91,0.75,0.698,14.2,19.9,1270,193,159,5.95,810,158,135,4.75,1610,240
HSS,HSS16X12X.625,HSS16X12X5/8,F,110.36,30.3,16,14.3,12,10.3,0.625,0.581,17.7,24.5,1090,165,136,6,700,135,117,4.8,1370,204
HSS,HSS16X12X.500,HSS16X12X1/2,F,89.68,24.6,16,14.6,12,10.6,0.5,0.465,22.8,31.4,904,135,113,6.06,581,111,96.8,4.86,1120,166
HSS,HSS16X12X.375,HSS16X12X3/8,F,68.31,18.7,16,15,12,11,0.375,0.349,31.4,42.8,702,104,87.7,6.12,452,85.5,75.3,4.91,862,127
HSS,HSS16X12X.313,HSS16X12X5/16,F,57.36,15.7,16,15.1,12,11.1,0.3125,0.291,38.2,52,595,87.7,74.4,6.15,384,72.2,64,4.94,727,107
HSS,HSS16X8X.625,HSS16X8X5/8,F,93.34,25.7,16,14.3,8,6.26,0.625,0.581,10.8,24.5,815,129,102,5.64,274,79.2,68.6,3.27,681,132
HSS,HSS16X8X.500,HSS16X8X1/2,F,76.07,20.9,16,14.6,8,6.6,0.5,0.465,14.2,31.4,679,106,84.9,5.7,230,65.5,57.6,3.32,563,108
HSS,HSS16X8X.375,HSS16X8X3/8,F,58.1,16,16,15,8,6.95,0.375,0.349,19.9,42.8,531,82.1,66.3,5.77,181,50.8,45.3,3.37,436,83.4
HSS,HSS16X8X.313,HSS16X8X5/16,F,48.86,13.4,16,15.1,8,7.13,0.3125,0.291,24.5,52,451,69.4,56.4,5.8,155,43,38.7,3.4,369,70.4
HSS,HSS16X8X.250,HSS16X8X1/4,F,39.43,10.8,16,15.3,8,7.3,0.25,0.233,31.3,65.7,368,56.4,46.1,5.83,127,35,31.7,3.42,300,57
HSS,HSS16X4X.625,HSS16X4X5/8,F,76.33,21,16,14.3,4,2.26,0.625,0.581,3.88,24.5,539,92.9,67.3,5.06,54.1,32.5,27,1.6,174,60.5
HSS,HSS16X4X.500,HSS16X4X1/2,F,62.46,17.2,16,14.6,4,2.6,0.5,0.465,5.6,31.4,455,77.3,56.9,5.15,47,27.4,23.5,1.65,150,50.7
HSS,HSS16X4X.375,HSS16X4X3/8,F,47.9,13.2,16,15,4,2.95,0.375,0.349,8.46,42.8,360,60.2,45,5.23,38.3,21.7,19.1,1.71,120,39.7
HSS,HSS16X4X.313,HSS16X4X5/16,F,40.35,11.1,16,15.1,4,3.13,0.3125,0.291,10.7,52,308,51.1,38.5,5.27,33.2,18.5,16.6,1.73,103,33.8
HSS,HSS16X4X.250,HSS16X4X1/4,F,32.63,8.96,16,15.3,4,3.3,0.25,0.233,14.2,65.7,253,41.7,31.6,5.31,27.7,15.2,13.8,1.76,85.2,27.6
HSS,HSS16X4X.188,HSS16X4X3/16,F,24.73,6.76,16,15.5,4,3.48,0.1875,0.174,20,89,193,31.7,24.2,5.35,21.5,11.7,10.8,1.78,65.5,21.1
HSS,HSS14X14X.875,HSS14X14X7/8,F,149.61,41.2,14,11.6,14,11.6,0.875,0.814,14.3,14.3,1170,201,167,5.33,1170,201,167,5.33,1910,281
HSS,HSS14X14X.750,HSS14X14X3/4,F,130.33,35.9,14,11.9,14,11.9,0.75,0.698,17,17,1040,177,149,5.38,1040,177,149,5.38,1680,246
HSS,HSS14X14X.625,HSS14X14X5/8,F,110.36,30.3,14,12.3,14,12.3,0.625,0.581,21.1,21.1,897,151,128,5.44,897,151,128,5.44,1430,208
HSS,HSS14X14X.500,HSS14X14X1/2,F,89.68,24.6,14,12.6,14,12.6,0.5,0.465,27.1,27.1,743,124,106,5.49,743,124,106,5.49,1170,170
HSS,HSS14X14X.375,HSS14X14X3/8,F,68.31,18.7,14,13,14,13,0.375,0.349,37.1,37.1,577,95.4,82.5,5.55,577,95.4,82.5,5.55,900,130
HSS,HSS14X14X.313,HSS14X14X5/16,F,57.36,15.7,14,13.1,14,13.1,0.3125,0.291,45.1,45.1,490,80.5,69.9,5.58,490,80.5,69.9,5.58,759,109
HSS,HSS14X10X.625,HSS14X10X5/8,F,93.34,25.7,14,12.3,10,8.26,0.625,0.581,14.2,21.1,687,120,98.2,5.17,407,95.1,81.5,3.98,832,146
HSS,HSS14X10X.500,HSS14X10X1/2,F,76.07,20.9,14,12.6,10,8.6,0.5,0.465,18.5,27.1,573,98.8,81.8,5.23,341,78.5,68.1,4.04,685,120
HSS,HSS14X10X.375,HSS14X10X3/8,F,58.1,16,14,13,10,8.95,0.375,0.349,25.7,37.1,447,76.3,63.9,5.29,267,60.7,53.4,4.09,528,91.8
HSS,HSS14X10X.313,HSS14X10X5/16,F,48.86,13.4,14,13.1,10,9.13,0.3125,0.291,31.4,45.1,380,64.6,54.3,5.32,227,51.4,45.5,4.12,446,77.4
HSS,HSS14X10X.250,HSS14X10X1/4,F,39.43,10.8,14,13.3,10,9.3,0.25,0.233,39.9,57.1,310,52.4,44.3,5.35,186,41.8,37.2,4.14,362,62.6
HSS,HSS14X6X.625,HSS14X6X5/8,F,76.33,21,14,12.3,6,4.26,0.625,0.581,7.33,21.1,478,88.7,68.3,4.77,124,48.4,41.2,2.43,334,83.7
HSS,HSS14X6X.500,HSS14X6X1/2,F,62.46,17.2,14,12.6,6,4.61,0.5,0.465,9.9,27.1,402,73.6,57.4,4.84,105,40.4,35.1,2.48,279,69.3
HSS,HSS14X6X.375,HSS14X6X3/8,F,47.9,13.2,14,13,6,4.95,0.375,0.349,14.2,37.1,317,57.3,45.3,4.91,84.1,31.6,28,2.53,219,53.7
HSS,HSS14X6X.313,HSS14X6X5/16,F,40.35,11.1,14,13.1,6,5.13,0.3125,0.291,17.6,45.1,271,48.6,38.7,4.94,72.3,26.9,24.1,2.55,186,45.5
HSS,HSS14X6X.250,HSS14X6X1/4,F,32.63,8.96,14,13.3,6,5.3,0.25,0.233,22.8,57.1,222,39.6,31.7,4.98,59.6,22,19.9,2.58,152,36.9
HSS,HSS14X6X.188,HSS14X6X3/16,F,24.73,6.76,14,13.5,6,5.48,0.1875,0.174,31.5,77.5,170,30.1,24.3,5.01,45.9,16.7,15.3,2.61,116,28
HSS,HSS14X4X.625,HSS14X4X5/8,F,67.82,18.7,14,12.3,4,2.26,0.625,0.581,3.88,21.1,373,73.1,53.3,4.47,47.2,28.5,23.6,1.59,148,52.6
HSS,HSS14X4X.500,HSS14X4X1/2,F,55.66,15.3,14,12.6,4,2.6,0.5,0.465,5.6,27.1,317,61,45.3,4.55,41.2,24.1,20.6,1.64,127,44.1
HSS,HSS14X4X.375,HSS14X4X3/8,F,42.79,11.8,14,13,4,2.95,0.375,0.349,8.46,37.1,252,47.8,36,4.63,33.6,19.1,16.8,1.69,102,34.6
HSS,HSS14X4X.313,HSS14X4X5/16,F,36.1,9.92,14,13.1,4,3.13,0.3125,0.291,10.7,45.1,216,40.6,30.9,4.67,29.2,16.4,14.6,1.72,87.7,29.5
HSS,HSS14X4X.250,HSS14X4X1/4,F,29.23,8.03,14,13.3,4,3.3,0.25,0.233,14.2,57.1,178,33.2,25.4,4.71,24.4,13.5,12.2,1.74,72.4,24.1
HSS,HSS14X4X.188,HSS14X4X3/16,F,22.18,6.06,14,13.5,4,3.48,0.1875,0.174,20,77.5,137,25.3,19.5,4.74,19,10.3,9.48,1.77,55.8,18.4
HSS,HSS12X12X.750,HSS12X12X3/4,F,109.91,30.3,12,9.91,12,9.91,0.75,0.698,14.2,14.2,631,127,105,4.56,631,127,105,4.56,1030,177
HSS,HSS12X12X.625,HSS12X12X5/8,F,93.34,25.7,12,10.3,12,10.3,0.625,0.581,17.7,17.7,548,109,91.4,4.62,548,109,91.4,4.62,885,151
HSS,HSS12X12X.500,HSS12X12X1/2,F,76.07,20.9,12,10.6,12,10.6,0.5,0.465,22.8,22.8,457,89.6,76.2,4.68,457,89.6,76.2,4.68,728,123
HSS,HSS12X12X.375,HSS12X12X3/8,F,58.1,16,12,11,12,11,0.375,0.349,31.4,31.4,357,69.2,59.5,4.73,357,69.2,59.5,4.73,561,94.6
HSS,HSS12X12X.313,HSS12X12X5/16,F,48.86,13.4,12,11.1,12,11.1,0.3125,0.291,38.2,38.2,304,58.6,50.7,4.76,304,58.6,50.7,4.76,474,79.7
HSS,HSS12X12X.250,HSS12X12X1/4,F,39.43,10.8,12,11.3,12,11.3,0.25,0.233,48.5,48.5,248,47.6,41.4,4.79,248,47.6,41.4,4.79,384,64.5
HSS,HSS12X12X.188,HSS12X12X3/16,F,29.84,8.15,12,11.5,12,11.5,0.1875,0.174,66,66,189,36,31.5,4.82,189,36,31.5,4.82,290,48.6
HSS,HSS12X10X.500,HSS12X10X1/2,F,69.27,19,12,10.6,10,8.6,0.5,0.465,18.5,22.8,395,78.8,65.9,4.56,298,69.6,59.7,3.96,545,102
HSS,HSS12X10X.375,HSS12X10X3/8,F,53,14.6,12,11,10,8.95,0.375,0.349,25.7,31.4,310,61.1,51.6,4.61,234,54,46.9,4.01,421,78.3
HSS,HSS12X10X.313,HSS12X10X5/16,F,44.6,12.2,12,11.1,10,9.13,0.3125,0.291,31.4,38.2,264,51.7,44,4.64,200,45.7,40,4.04,356,66.1
HSS,HSS12X10X.250,HSS12X10X1/4,F,36.03,9.9,12,11.3,10,9.3,0.25,0.233,39.9,48.5,216,42.1,36,4.67,164,37.2,32.7,4.07,289,53.5
HSS,HSS12X8X.625,HSS12X8X5/8,F,76.33,21,12,10.3,8,6.26,0.625,0.581,10.8,17.7,397,82.1,66.1,4.34,210,61.9,52.5,3.16,454,97.7
HSS,HSS12X8X.500,HSS12X8X1/2,F,62.46,17.2,12,10.6,8,6.6,0.5,0.465,14.2,22.8,333,68.1,55.6,4.41,178,51.5,44.4,3.21,377,80.4
HSS,HSS12X8X.375,HSS12X8X3/8,F,47.9,13.2,12,11,8,6.95,0.375,0.349,19.9,31.4,262,53,43.7,4.47,140,40.1,35.1,3.27,293,62.1
HSS,HSS12X8X.313,HSS12X8X5/16,F,40.35,11.1,12,11.1,8,7.13,0.3125,0.291,24.5,38.2,224,44.9,37.4,4.5,120,34.1,30.1,3.29,248,52.4
HSS,HSS12X8X.250,HSS12X8X1/4,F,32.63,8.96,12,11.3,8,7.3,0.25,0.233,31.3,48.5,184,36.6,30.6,4.53,98.8,27.8,24.7,3.32,202,42.5
HSS,HSS12X8X.188,HSS12X8X3/16,F,24.73,6.76,12,11.5,8,7.48,0.1875,0.174,43,66,140,27.8,23.4,4.56,75.7,21.1,18.9,3.35,153,32.2
HSS,HSS12X6X.625,HSS12X6X5/8,F,67.82,18.7,12,10.3,6,4.26,0.625,0.581,7.33,17.7,321,68.8,53.4,4.14,107,42.1,35.5,2.39,271,71.1
HSS,HSS12X6X.500,HSS12X6X1/2,F,55.66,15.3,12,10.6,6,4.61,0.5,0.465,9.9,22.8,271,57.4,45.2,4.21,91.1,35.2,30.4,2.44,227,59
HSS,HSS12X6X.375,HSS12X6X3/8,F,42.79,11.8,12,11,6,4.95,0.375,0.349,14.2,31.4,215,44.8,35.9,4.28,72.9,27.7,24.3,2.49,178,45.8
HSS,HSS12X6X.313,HSS12X6X5/16,F,36.1,9.92,12,11.1,6,5.13,0.3125,0.291,17.6,38.2,184,38.1,30.7,4.31,62.8,23.6,20.9,2.52,152,38.8
HSS,HSS12X6X.250,HSS12X6X1/4,F,29.23,8.03,12,11.3,6,5.3,0.25,0.233,22.8,48.5,151,31.1,25.2,4.34,51.9,19.3,17.3,2.54,124,31.6
HSS,HSS12X6X.188,HSS12X6X3/16,F,22.18,6.06,12,11.5,6,5.48,0.1875,0.174,31.5,66,116,23.7,19.4,4.38,40,14.7,13.3,2.57,94.6,24
HSS,HSS12X4X.625,HSS12X4X5/8,F,59.32,16.4,12,10.3,4,2.26,0.625,0.581,3.88,17.7,245,55.5,40.8,3.87,40.4,24.5,20.2,1.57,122,44.6
HSS,HSS12X4X.500,HSS12X4X1/2,F,48.85,13.5,12,10.6,4,2.6,0.5,0.465,5.6,22.8,210,46.7,34.9,3.95,35.3,20.9,17.7,1.62,105,37.5
HSS,HSS12X4X.375,HSS12X4X3/8,F,37.69,10.4,12,11,4,2.95,0.375,0.349,8.46,31.4,168,36.7,28,4.02,28.9,16.6,14.5,1.67,84.1,29.5
HSS,HSS12X4X.313,HSS12X4X5/16,F,31.84,8.76,12,11.1,4,3.13,0.3125,0.291,10.7,38.2,144,31.3,24.1,4.06,25.2,14.2,12.6,1.7,72.4,25.2
HSS,HSS12X4X.250,HSS12X4X1/4,F,25.82,7.1,12,11.3,4,3.3,0.25,0.233,14.2,48.5,119,25.6,19.9,4.1,21,11.7,10.5,1.72,59.8,20.6
HSS,HSS12X4X.188,HSS12X4X3/16,F,19.63,5.37,12,11.5,4,3.48,0.1875,0.174,20,66,91.8,19.6,15.3,4.13,16.4,9,8.2,1.75,46.1,15.7
HSS,HSS12X3-1/2X.375,HSS12X3-1/2X3/8,F,36.41,10,12,11,3.5,2.45,0.375,0.349,7.03,31.4,156,34.7,26,3.94,21.3,14,12.2,1.46,64.7,25.5
HSS,HSS12X3-1/2X.313,HSS12X3-1/2X5/16,F,30.78,8.46,12,11.1,3.5,2.63,0.3125,0.291,9.03,38.2,134,29.6,22.4,3.98,18.6,12.1,10.6,1.48,56,21.8
HSS,HSS12X3X.313,HSS12X3X5/16,F,29.72,8.17,12,11.1,3,2.13,0.3125,0.291,7.31,38.2,124,27.9,20.7,3.9,13.1,10,8.73,1.27,41.3,18.4
HSS,HSS12X3X.250,HSS12X3X1/4,F,24.12,6.63,12,11.3,3,2.3,0.25,0.233,9.88,48.5,103,22.9,17.2,3.94,11.1,8.28,7.38,1.29,34.5,15.1
HSS,HSS12X3X.188,HSS12X3X3/16,F,18.35,5.02,12,11.5,3,2.48,0.1875,0.174,14.2,66,79.6,17.5,13.3,3.98,8.72,6.4,5.81,1.32,26.8,11.6
HSS,HSS12X2X.313,HSS12X2X5/16,F,27.59,7.59,12,11.1,2,1.13,0.3125,0.291,3.87,38.2,104,24.5,17.4,3.71,5.1,6.05,5.1,0.82,17.6,11.6
HSS,HSS12X2X.250,HSS12X2X1/4,F,22.42,6.17,12,11.3,2,1.3,0.25,0.233,5.58,48.5,86.9,20.1,14.5,3.75,4.41,5.08,4.41,0.845,15.1,9.64
HSS,HSS12X2X.188,HSS12X2X3/16,F,17.08,4.67,12,11.5,2,1.48,0.1875,0.174,8.49,66,67.4,15.5,11.2,3.8,3.55,3.97,3.55,0.872,12,7.49
HSS,HSS10X10X.750,HSS10X10X3/4,T,89.5,24.7,10,7.91,10,7.91,0.75,0.698,11.3,11.3,347,84.7,69.4,3.75,347,84.7,69.4,3.75,578,119
HSS,HSS10X10X.625,HSS10X10X5/8,F,76.33,21,10,8.26,10,8.26,0.625,0.581,14.2,14.2,304,73.2,60.8,3.8,304,73.2,60.8,3.8,498,102
HSS,HSS10X10X.500,HSS10X10X1/2,F,62.46,17.2,10,8.6,10,8.6,0.5,0.465,18.5,18.5,256,60.7,51.2,3.86,256,60.7,51.2,3.86,412,84.2
HSS,HSS10X10X.375,HSS10X10X3/8,F,47.9,13.2,10,8.95,10,8.95,0.375,0.349,25.7,25.7,202,47.2,40.4,3.92,202,47.2,40.4,3.92,320,64.8
HSS,HSS10X10X.313,HSS10X10X5/16,F,40.35,11.1,10,9.13,10,9.13,0.3125,0.291,31.4,31.4,172,40.1,34.5,3.94,172,40.1,34.5,3.94,271,54.8
HSS,HSS10X10X.250,HSS10X10X1/4,F,32.63,8.96,10,9.3,10,9.3,0.25,0.233,39.9,39.9,141,32.7,28.3,3.97,141,32.7,28.3,3.97,220,44.4
HSS,HSS10X10X.188,HSS10X10X3/16,F,24.73,6.76,10,9.48,10,9.48,0.1875,0.174,54.5,54.5,108,24.8,21.6,4,108,24.8,21.6,4,167,33.6
HSS,HSS10X8X.625,HSS10X8X5/8,F,67.82,18.7,10,8.26,8,6.26,0.625,0.581,10.8,14.2,253,62.2,50.5,3.68,178,53.3,44.5,3.09,346,80.4
HSS,HSS10X8X.500,HSS10X8X1/2,F,55.66,15.3,10,8.6,8,6.6,0.5,0.465,14.2,18.5,214,51.9,42.7,3.73,151,44.5,37.8,3.14,288,66.4
HSS,HSS10X8X.375,HSS10X8X3/8,F,42.79,11.8,10,8.95,8,6.95,0.375,0.349,19.9,25.7,169,40.5,33.9,3.79,120,34.8,30,3.19,224,51.4
HSS,HSS10X8X.313,HSS10X8X5/16,F,36.1,9.92,10,9.13,8,7.13,0.3125,0.291,24.5,31.4,145,34.4,29,3.82,103,29.6,25.7,3.22,190,43.5
HSS,HSS10X8X.250,HSS10X8X1/4,F,29.23,8.03,10,9.3,8,7.3,0.25,0.233,31.3,39.9,119,28.1,23.8,3.85,84.7,24.2,21.2,3.25,155,35.3
HSS,HSS10X8X.188,HSS10X8X3/16,F,22.18,6.06,10,9.48,8,7.48,0.1875,0.174,43,54.5,91.4,21.4,18.3,3.88,65.1,18.4,16.3,3.28,118,26.7
HSS,HSS10X6X.625,HSS10X6X5/8,F,59.32,16.4,10,8.26,6,4.26,0.625,0.581,7.33,14.2,201,51.3,40.2,3.5,89.4,35.8,29.8,2.34,209,58.6
HSS,HSS10X6X.500,HSS10X6X1/2,F,48.85,13.5,10,8.6,6,4.61,0.5,0.465,9.9,18.5,171,43,34.3,3.57,76.8,30.1,25.6,2.39,176,48.7
HSS,HSS10X6X.375,HSS10X6X3/8,F,37.69,10.4,10,8.95,6,4.95,0.375,0.349,14.2,25.7,137,33.8,27.4,3.63,61.8,23.7,20.6,2.44,139,37.9
HSS,HSS10X6X.313,HSS10X6X5/16,F,31.84,8.76,10,9.13,6,5.13,0.3125,0.291,17.6,31.4,118,28.8,23.5,3.66,53.3,20.2,17.8,2.47,118,32.2
HSS,HSS10X6X.250,HSS10X6X1/4,F,25.82,7.1,10,9.3,6,5.3,0.25,0.233,22.8,39.9,96.9,23.6,19.4,3.69,44.1,16.6,14.7,2.49,96.7,26.2
HSS,HSS10X6X.188,HSS10X6X3/16,F,19.63,5.37,10,9.48,6,5.48,0.1875,0.174,31.5,54.5,74.6,18,14.9,3.73,34.1,12.7,11.4,2.52,73.8,19.9
HSS,HSS10X5X.375,HSS10X5X3/8,F,35.13,9.67,10,8.95,5,3.95,0.375,0.349,11.3,25.7,120,30.4,24.1,3.53,40.6,18.7,16.2,2.05,100,31.2
HSS,HSS10X5X.313,HSS10X5X5/16,F,29.72,8.17,10,9.13,5,4.13,0.3125,0.291,14.2,31.4,104,26,20.8,3.56,35.2,16,14.1,2.07,86,26.5
HSS,HSS10X5X.250,HSS10X5X1/4,F,24.12,6.63,10,9.3,5,4.3,0.25,0.233,18.5,39.9,85.8,21.3,17.2,3.6,29.3,13.2,11.7,2.1,70.7,21.6
HSS,HSS10X5X.188,HSS10X5X3/16,F,18.35,5.02,10,9.48,5,4.48,0.1875,0.174,25.7,54.5,66.2,16.3,13.2,3.63,22.7,10.1,9.09,2.13,54.1,16.5
HSS,HSS10X4X.625,HSS10X4X5/8,F,50.81,14,10,8.26,4,2.26,0.625,0.581,3.88,14.2,149,40.3,29.9,3.26,33.5,20.6,16.8,1.54,95.7,36.7
HSS,HSS10X4X.500,HSS10X4X1/2,F,42.05,11.6,10,8.6,4,2.6,0.5,0.465,5.6,18.5,129,34.1,25.8,3.34,29.5,17.6,14.7,1.59,82.6,31
HSS,HSS10X4X.375,HSS10X4X3/8,F,32.58,8.97,10,8.95,4,2.95,0.375,0.349,8.46,25.7,104,27,20.8,3.41,24.3,14,12.1,1.64,66.5,24.4
HSS,HSS10X4X.313,HSS10X4X5/16,F,27.59,7.59,10,9.13,4,3.13,0.3125,0.291,10.7,31.4,90.1,23.1,18,3.44,21.2,12.1,10.6,1.67,57.3,20.9
HSS,HSS10X4X.250,HSS10X4X1/4,F,22.42,6.17,10,9.3,4,3.3,0.25,0.233,14.2,39.9,74.7,19,14.9,3.48,17.7,10,8.87,1.7,47.4,17.1
HSS,HSS10X4X.188,HSS10X4X3/16,F,17.08,4.67,10,9.48,4,3.48,0.1875,0.174,20,54.5,57.8,14.6,11.6,3.52,13.9,7.66,6.93,1.72,36.5,13.1
HSS,HSS10X4X.125,HSS10X4X1/8,F,11.56,3.16,10,9.65,4,3.65,0.125,0.116,31.5,83.2,39.8,10,7.97,3.55,9.65,5.26,4.83,1.75,25.1,8.9
HSS,HSS10X3-1/2X.500,HSS10X3-1/2X1/2,F,40.34,11.1,10,8.6,3.5,2.1,0.5,0.465,4.53,18.5,118,31.9,23.7,3.26,21.4,14.7,12.2,1.39,63.2,26.5
HSS,HSS10X3-1/2X.375,HSS10X3-1/2X3/8,F,31.31,8.62,10,8.95,3.5,2.45,0.375,0.349,7.03,25.7,96.1,25.3,19.2,3.34,17.8,11.8,10.2,1.44,51.5,21.1
HSS,HSS10X3-1/2X.313,HSS10X3-1/2X5/16,F,26.53,7.3,10,9.13,3.5,2.63,0.3125,0.291,9.03,31.4,83.2,21.7,16.6,3.38,15.6,10.2,8.92,1.46,44.6,18
HSS,HSS10X3-1/2X.250,HSS10X3-1/2X1/4,F,21.57,5.93,10,9.3,3.5,2.8,0.25,0.233,12,39.9,69.1,17.9,13.8,3.41,13.1,8.45,7.51,1.49,37,14.8
HSS,HSS10X3-1/2X.188,HSS10X3-1/2X3/16,F,16.44,4.5,10,9.48,3.5,2.98,0.1875,0.174,17.1,54.5,53.6,13.7,10.7,3.45,10.3,6.52,5.89,1.51,28.6,11.4
HSS,HSS10X3-1/2X.125,HSS10X3-1/2X1/8,F,11.13,3.04,10,9.65,3.5,3.15,0.125,0.116,27.2,83.2,37,9.37,7.4,3.49,7.22,4.48,4.12,1.54,19.8,7.75
HSS,HSS10X3X.375,HSS10X3X3/8,F,30.03,8.27,10,8.95,3,1.95,0.375,0.349,5.6,25.7,88,23.7,17.6,3.26,12.4,9.73,8.28,1.22,37.8,17.7
HSS,HSS10X3X.313,HSS10X3X5/16,F,25.46,7.01,10,9.13,3,2.13,0.3125,0.291,7.31,31.4,76.3,20.3,15.3,3.3,11,8.42,7.3,1.25,33,15.2
HSS,HSS10X3X.250,HSS10X3X1/4,F,20.72,5.7,10,9.3,3,2.3,0.25,0.233,9.88,39.9,63.6,16.7,12.7,3.34,9.28,6.99,6.19,1.28,27.6,12.5
HSS,HSS10X3X.188,HSS10X3X3/16,F,15.8,4.32,10,9.48,3,2.48,0.1875,0.174,14.2,54.5,49.4,12.8,9.87,3.38,7.33,5.41,4.89,1.3,21.5,9.64
HSS,HSS10X3X.125,HSS10X3X1/8,F,10.71,2.93,10,9.65,3,2.65,0.125,0.116,22.9,83.2,34.2,8.8,6.83,3.42,5.16,3.74,3.44,1.33,14.9,6.61
HSS,HSS10X2X.375,HSS10X2X3/8,F,27.48,7.58,10,8.95,2,0.953,0.375,0.349,2.73,25.7,71.7,20.3,14.3,3.08,4.7,5.76,4.7,0.787,15.9,11
HSS,HSS10X2X.313,HSS10X2X5/16,F,23.34,6.43,10,9.13,2,1.13,0.3125,0.291,3.87,31.4,62.6,17.5,12.5,3.12,4.24,5.06,4.24,0.812,14.2,9.56
HSS,HSS10X2X.250,HSS10X2X1/4,F,19.02,5.24,10,9.3,2,1.3,0.25,0.233,5.58,39.9,52.5,14.4,10.5,3.17,3.67,4.26,3.67,0.838,12.2,7.99
HSS,HSS10X2X.188,HSS10X2X3/16,F,14.53,3.98,10,9.48,2,1.48,0.1875,0.174,8.49,54.5,41,11.1,8.19,3.21,2.97,3.34,2.97,0.864,9.74,6.22
HSS,HSS10X2X.125,HSS10X2X1/8,F,9.86,2.7,10,9.65,2,1.65,0.125,0.116,14.2,83.2,28.5,7.65,5.7,3.25,2.14,2.33,2.14,0.89,6.9,4.31
HSS,HSS9X9X.625,HSS9X9X5/8,F,67.82,18.7,9,7.26,9,7.26,0.625,0.581,12.5,12.5,216,58.1,47.9,3.4,216,58.1,47.9,3.4,356,81.6
HSS,HSS9X9X.500,HSS9X9X1/2,F,55.66,15.3,9,7.6,9,7.6,0.5,0.465,16.4,16.4,183,48.4,40.6,3.45,183,48.4,40.6,3.45,296,67.4
HSS,HSS9X9X.375,HSS9X9X3/8,F,42.79,11.8,9,7.95,9,7.95,0.375,0.349,22.8,22.8,145,37.8,32.2,3.51,145,37.8,32.2,3.51,231,52.1
HSS,HSS9X9X.313,HSS9X9X5/16,F,36.1,9.92,9,8.13,9,8.13,0.3125,0.291,27.9,27.9,124,32.1,27.6,3.54,124,32.1,27.6,3.54,196,44
HSS,HSS9X9X.250,HSS9X9X1/4,F,29.23,8.03,9,8.3,9,8.3,0.25,0.233,35.6,35.6,102,26.2,22.7,3.56,102,26.2,22.7,3.56,159,35.8
HSS,HSS9X9X.188,HSS9X9X3/16,F,22.18,6.06,9,8.48,9,8.48,0.1875,0.174,48.7,48.7,78.2,20,17.4,3.59,78.2,20,17.4,3.59,121,27.1
HSS,HSS9X9X.125,HSS9X9X1/8,F,14.96,4.09,9,8.65,9,8.65,0.125,0.116,74.6,74.6,53.5,13.6,11.9,3.62,53.5,13.6,11.9,3.62,82,18.3
HSS,HSS9X7X.625,HSS9X7X5/8,F,59.32,16.4,9,7.26,7,5.26,0.625,0.581,9.05,12.5,174,48.3,38.7,3.26,117,40.5,33.5,2.68,235,62
HSS,HSS9X7X.500,HSS9X7X1/2,F,48.85,13.5,9,7.6,7,5.6,0.5,0.465,12.1,16.4,149,40.5,33,3.32,100,34,28.7,2.73,197,51.5
HSS,HSS9X7X.375,HSS9X7X3/8,F,37.69,10.4,9,7.95,7,5.95,0.375,0.349,17.1,22.8,119,31.8,26.4,3.38,80.4,26.7,23,2.78,154,40
HSS,HSS9X7X.313,HSS9X7X5/16,F,31.84,8.76,9,8.13,7,6.13,0.3125,0.291,21.1,27.9,102,27.1,22.6,3.41,69.2,22.8,19.8,2.81,131,33.9
HSS,HSS9X7X.250,HSS9X7X1/4,F,25.82,7.1,9,8.3,7,6.3,0.25,0.233,27,35.6,84.1,22.2,18.7,3.44,57.2,18.7,16.3,2.84,107,27.6
HSS,HSS9X7X.188,HSS9X7X3/16,F,19.63,5.37,9,8.48,7,6.48,0.1875,0.174,37.2,48.7,64.7,16.9,14.4,3.47,44.1,14.3,12.6,2.87,81.7,20.9
HSS,HSS9X5X.625,HSS9X5X5/8,F,50.81,14,9,7.26,5,3.26,0.625,0.581,5.61,12.5,133,38.5,29.6,3.08,52,25.3,20.8,1.92,128,42.5
HSS,HSS9X5X.500,HSS9X5X1/2,F,42.05,11.6,9,7.6,5,3.6,0.5,0.465,7.75,16.4,115,32.5,25.5,3.14,45.2,21.5,18.1,1.97,109,35.6
HSS,HSS9X5X.375,HSS9X5X3/8,F,32.58,8.97,9,7.95,5,3.95,0.375,0.349,11.3,22.8,92.5,25.7,20.5,3.21,36.8,17.1,14.7,2.03,86.9,27.9
HSS,HSS9X5X.313,HSS9X5X5/16,F,27.59,7.59,9,8.13,5,4.13,0.3125,0.291,14.2,27.9,79.8,22,17.7,3.24,32,14.6,12.8,2.05,74.4,23.8
HSS,HSS9X5X.250,HSS9X5X1/4,F,22.42,6.17,9,8.3,5,4.3,0.25,0.233,18.5,35.6,66.1,18.1,14.7,3.27,26.6,12,10.6,2.08,61.2,19.4
HSS,HSS9X5X.188,HSS9X5X3/16,F,17.08,4.67,9,8.48,5,4.48,0.1875,0.174,25.7,48.7,51.1,13.8,11.4,3.31,20.7,9.25,8.28,2.1,46.9,14.8
HSS,HSS9X3X.500,HSS9X3X1/2,F,35.24,9.74,9,7.6,3,1.6,0.5,0.465,3.45,16.4,80.8,24.6,18,2.88,13.2,10.8,8.81,1.17,40,19.7
HSS,HSS9X3X.375,HSS9X3X3/8,F,27.48,7.58,9,7.95,3,1.95,0.375,0.349,5.6,22.8,66.3,19.7,14.7,2.96,11.2,8.8,7.45,1.21,33.1,15.8
HSS,HSS9X3X.313,HSS9X3X5/16,F,23.34,6.43,9,8.13,3,2.13,0.3125,0.291,7.31,27.9,57.7,16.9,12.8,3,9.88,7.63,6.59,1.24,28.9,13.6
HSS,HSS9X3X.250,HSS9X3X1/4,F,19.02,5.24,9,8.3,3,2.3,0.25,0.233,9.88,35.6,48.2,14,10.7,3.04,8.38,6.35,5.59,1.27,24.2,11.3
HSS,HSS9X3X.188,HSS9X3X3/16,F,14.53,3.98,9,8.48,3,2.48,0.1875,0.174,14.2,48.7,37.6,10.8,8.35,3.07,6.64,4.92,4.42,1.29,18.9,8.66
HSS,HSS8X8X.625,HSS8X8X5/8,F,59.32,16.4,8,6.26,8,6.26,0.625,0.581,10.8,10.8,146,44.7,36.5,2.99,146,44.7,36.5,2.99,244,63.2
HSS,HSS8X8X.500,HSS8X8X1/2,F,48.85,13.5,8,6.6,8,6.6,0.5,0.465,14.2,14.2,125,37.5,31.2,3.04,125,37.5,31.2,3.04,204,52.4
HSS,HSS8X8X.375,HSS8X8X3/8,F,37.69,10.4,8,6.95,8,6.95,0.375,0.349,19.9,19.9,100,29.4,24.9,3.1,100,29.4,24.9,3.1,160,40.7
HSS,HSS8X8X.313,HSS8X8X5/16,F,31.84,8.76,8,7.13,8,7.13,0.3125,0.291,24.5,24.5,85.6,25.1,21.4,3.13,85.6,25.1,21.4,3.13,136,34.5
HSS,HSS8X8X.250,HSS8X8X1/4,F,25.82,7.1,8,7.3,8,7.3,0.25,0.233,31.3,31.3,70.7,20.5,17.7,3.15,70.7,20.5,17.7,3.15,111,28.1
HSS,HSS8X8X.188,HSS8X8X3/16,F,19.63,5.37,8,7.48,8,7.48,0.1875,0.174,43,43,54.4,15.7,13.6,3.18,54.4,15.7,13.6,3.18,84.5,21.3
HSS,HSS8X8X.125,HSS8X8X1/8,F,13.26,3.62,8,7.65,8,7.65,0.125,0.116,66,66,37.4,10.7,9.34,3.21,37.4,10.7,9.34,3.21,57.3,14.4
HSS,HSS8X6X.625,HSS8X6X5/8,F,50.81,14,8,6.26,6,4.26,0.625,0.581,7.33,10.8,114,36.1,28.5,2.85,72.3,29.5,24.1,2.27,150,46
HSS,HSS8X6X.500,HSS8X6X1/2,F,42.05,11.6,8,6.6,6,4.61,0.5,0.465,9.9,14.2,98.2,30.5,24.6,2.91,62.5,24.9,20.8,2.32,127,38.4
HSS,HSS8X6X.375,HSS8X6X3/8,F,32.58,8.97,8,6.95,6,4.95,0.375,0.349,14.2,19.9,79.1,24.1,19.8,2.97,50.6,19.8,16.9,2.38,100,30
HSS,HSS8X6X.313,HSS8X6X5/16,F,27.59,7.59,8,7.13,6,5.13,0.3125,0.291,17.6,24.5,68.3,20.6,17.1,3,43.8,16.9,14.6,2.4,85.8,25.5
HSS,HSS8X6X.250,HSS8X6X1/4,F,22.42,6.17,8,7.3,6,5.3,0.25,0.233,22.8,31.3,56.6,16.9,14.2,3.03,36.4,13.9,12.1,2.43,70.3,20.8
HSS,HSS8X6X.188,HSS8X6X3/16,F,17.08,4.67,8,7.48,6,5.48,0.1875,0.174,31.5,43,43.7,13,10.9,3.06,28.2,10.7,9.39,2.46,53.7,15.8
HSS,HSS8X4X.625,HSS8X4X5/8,F,42.3,11.7,8,6.26,4,2.26,0.625,0.581,3.88,10.8,82,27.4,20.5,2.64,26.6,16.6,13.3,1.51,70.3,28.7
HSS,HSS8X4X.500,HSS8X4X1/2,F,35.24,9.74,8,6.6,4,2.6,0.5,0.465,5.6,14.2,71.8,23.5,17.9,2.71,23.6,14.3,11.8,1.56,61.1,24.4
HSS,HSS8X4X.375,HSS8X4X3/8,F,27.48,7.58,8,6.95,4,2.95,0.375,0.349,8.46,19.9,58.7,18.8,14.7,2.78,19.6,11.5,9.8,1.61,49.3,19.3
HSS,HSS8X4X.313,HSS8X4X5/16,F,23.34,6.43,8,7.13,4,3.13,0.3125,0.291,10.7,24.5,51,16.1,12.8,2.82,17.2,9.91,8.58,1.63,42.6,16.5
HSS,HSS8X4X.250,HSS8X4X1/4,F,19.02,5.24,8,7.3,4,3.3,0.25,0.233,14.2,31.3,42.5,13.3,10.6,2.85,14.4,8.2,7.21,1.66,35.3,13.6
HSS,HSS8X4X.188,HSS8X4X3/16,F,14.53,3.98,8,7.48,4,3.48,0.1875,0.174,20,43,33.1,10.2,8.27,2.88,11.3,6.33,5.65,1.69,27.2,10.4
HSS,HSS8X4X.125,HSS8X4X1/8,F,9.86,2.7,8,7.65,4,3.65,0.125,0.116,31.5,66,22.9,7.02,5.73,2.92,7.9,4.36,3.95,1.71,18.7,7.1
HSS,HSS8X3X.500,HSS8X3X1/2,F,31.84,8.81,8,6.6,3,1.6,0.5,0.465,3.45,14.2,58.6,20,14.6,2.58,11.7,9.64,7.81,1.15,34.3,17.4
HSS,HSS8X3X.375,HSS8X3X3/8,F,24.93,6.88,8,6.95,3,1.95,0.375,0.349,5.6,19.9,48.5,16.1,12.1,2.65,10,7.88,6.63,1.2,28.5,14
HSS,HSS8X3X.313,HSS8X3X5/16,F,21.21,5.85,8,7.13,3,2.13,0.3125,0.291,7.31,24.5,42.4,13.9,10.6,2.69,8.81,6.84,5.87,1.23,24.9,12.1
HSS,HSS8X3X.250,HSS8X3X1/4,F,17.32,4.77,8,7.3,3,2.3,0.25,0.233,9.88,31.3,35.5,11.5,8.88,2.73,7.49,5.7,4.99,1.25,20.8,10
HSS,HSS8X3X.188,HSS8X3X3/16,F,13.25,3.63,8,7.48,3,2.48,0.1875,0.174,14.2,43,27.8,8.87,6.94,2.77,5.94,4.43,3.96,1.28,16.2,7.68
HSS,HSS8X3X.125,HSS8X3X1/8,F,9.01,2.46,8,7.65,3,2.65,0.125,0.116,22.9,66,19.3,6.11,4.83,2.8,4.2,3.07,2.8,1.31,11.3,5.27
HSS,HSS8X2X.375,HSS8X2X3/8,F,22.37,6.18,8,6.95,2,0.953,0.375,0.349,2.73,19.9,38.2,13.4,9.56,2.49,3.73,4.61,3.73,0.777,12.1,8.65
HSS,HSS8X2X.313,HSS8X2X5/16,F,19.08,5.26,8,7.13,2,1.13,0.3125,0.291,3.87,24.5,33.7,11.6,8.43,2.53,3.38,4.06,3.38,0.802,10.9,7.57
HSS,HSS8X2X.250,HSS8X2X1/4,F,15.62,4.3,8,7.3,2,1.3,0.25,0.233,5.58,31.3,28.5,9.68,7.12,2.57,2.94,3.43,2.94,0.827,9.36,6.35
HSS,HSS8X2X.188,HSS8X2X3/16,F,11.97,3.28,8,7.48,2,1.48,0.1875,0.174,8.49,43,22.4,7.51,5.61,2.61,2.39,2.7,2.39,0.853,7.48,4.95
HSS,HSS8X2X.125,HSS8X2X1/8,F,8.16,2.23,8,7.65,2,1.65,0.125,0.116,14.2,66,15.7,5.19,3.93,2.65,1.72,1.9,1.72,0.879,5.3,3.44
HSS,HSS7X7X.625,HSS7X7X5/8,F,50.81,14,7,5.26,7,5.26,0.625,0.581,9.05,9.05,93.4,33.1,26.7,2.58,93.4,33.1,26.7,2.58,158,47.1
HSS,HSS7X7X.500,HSS7X7X1/2,F,42.05,11.6,7,5.6,7,5.6,0.5,0.465,12.1,12.1,80.5,27.9,23,2.63,80.5,27.9,23,2.63,133,39.3
HSS,HSS7X7X.375,HSS7X7X3/8,F,32.58,8.97,7,5.95,7,5.95,0.375,0.349,17.1,17.1,65,22.1,18.6,2.69,65,22.1,18.6,2.69,105,30.7
HSS,HSS7X7X.313,HSS7X7X5/16,F,27.59,7.59,7,6.13,7,6.13,0.3125,0.291,21.1,21.1,56.1,18.9,16,2.72,56.1,18.9,16,2.72,89.7,26.1
HSS,HSS7X7X.250,HSS7X7X1/4,F,22.42,6.17,7,6.3,7,6.3,0.25,0.233,27,27,46.5,15.5,13.3,2.75,46.5,15.5,13.3,2.75,73.5,21.3
HSS,HSS7X7X.188,HSS7X7X3/16,F,17.08,4.67,7,6.48,7,6.48,0.1875,0.174,37.2,37.2,36,11.9,10.3,2.77,36,11.9,10.3,2.77,56.1,16.2
HSS,HSS7X7X.125,HSS7X7X1/8,F,11.56,3.16,7,6.65,7,6.65,0.125,0.116,57.3,57.3,24.8,8.13,7.09,2.8,24.8,8.13,7.09,2.8,38.2,11
HSS,HSS7X5X.500,HSS7X5X1/2,F,35.24,9.74,7,5.6,5,3.6,0.5,0.465,7.75,12.1,60.6,21.9,17.3,2.5,35.6,17.3,14.2,1.91,75.8,27.2
HSS,HSS7X5X.375,HSS7X5X3/8,F,27.48,7.58,7,5.95,5,3.95,0.375,0.349,11.3,17.1,49.5,17.5,14.1,2.56,29.3,13.8,11.7,1.97,60.6,21.4
HSS,HSS7X5X.313,HSS7X5X5/16,F,23.34,6.43,7,6.13,5,4.13,0.3125,0.291,14.2,21.1,43,15,12.3,2.59,25.5,11.9,10.2,1.99,52.1,18.3
HSS,HSS7X5X.250,HSS7X5X1/4,F,19.02,5.24,7,6.3,5,4.3,0.25,0.233,18.5,27,35.9,12.4,10.2,2.62,21.3,9.83,8.53,2.02,42.9,15
HSS,HSS7X5X.188,HSS7X5X3/16,F,14.53,3.98,7,6.48,5,4.48,0.1875,0.174,25.7,37.2,27.9,9.52,7.96,2.65,16.6,7.57,6.65,2.05,32.9,11.4
HSS,HSS7X5X.125,HSS7X5X1/8,F,9.86,2.7,7,6.65,5,4.65,0.125,0.116,40.1,57.3,19.3,6.53,5.52,2.68,11.6,5.2,4.63,2.07,22.5,7.79
HSS,HSS7X4X.500,HSS7X4X1/2,F,31.84,8.81,7,5.6,4,2.6,0.5,0.465,5.6,12.1,50.7,18.8,14.5,2.4,20.7,12.6,10.4,1.53,50.5,21.1
HSS,HSS7X4X.375,HSS7X4X3/8,F,24.93,6.88,7,5.95,4,2.95,0.375,0.349,8.46,17.1,41.8,15.1,11.9,2.46,17.3,10.2,8.63,1.58,41,16.8
HSS,HSS7X4X.313,HSS7X4X5/16,F,21.21,5.85,7,6.13,4,3.13,0.3125,0.291,10.7,21.1,36.5,13.1,10.4,2.5,15.2,8.83,7.58,1.61,35.4,14.4
HSS,HSS7X4X.250,HSS7X4X1/4,F,17.32,4.77,7,6.3,4,3.3,0.25,0.233,14.2,27,30.5,10.8,8.72,2.53,12.8,7.33,6.38,1.64,29.3,11.8
HSS,HSS7X4X.188,HSS7X4X3/16,F,13.25,3.63,7,6.48,4,3.48,0.1875,0.174,20,37.2,23.8,8.33,6.81,2.56,10,5.67,5.02,1.66,22.7,9.07
HSS,HSS7X4X.125,HSS7X4X1/8,F,9.01,2.46,7,6.65,4,3.65,0.125,0.116,31.5,57.3,16.6,5.73,4.73,2.59,7.03,3.91,3.51,1.69,15.6,6.2
HSS,HSS7X3X.500,HSS7X3X1/2,F,28.43,7.88,7,5.6,3,1.6,0.5,0.465,3.45,12.1,40.7,15.8,11.6,2.27,10.2,8.46,6.8,1.14,28.6,15
HSS,HSS7X3X.375,HSS7X3X3/8,F,22.37,6.18,7,5.95,3,1.95,0.375,0.349,5.6,17.1,34.1,12.8,9.73,2.35,8.71,6.95,5.81,1.19,23.9,12.1
HSS,HSS7X3X.313,HSS7X3X5/16,F,19.08,5.26,7,6.13,3,2.13,0.3125,0.291,7.31,21.1,29.9,11.1,8.54,2.38,7.74,6.05,5.16,1.21,20.9,10.5
HSS,HSS7X3X.250,HSS7X3X1/4,F,15.62,4.3,7,6.3,3,2.3,0.25,0.233,9.88,27,25.2,9.22,7.19,2.42,6.6,5.06,4.4,1.24,17.5,8.68
HSS,HSS7X3X.188,HSS7X3X3/16,F,11.97,3.28,7,6.48,3,2.48,0.1875,0.174,14.2,37.2,19.8,7.14,5.65,2.45,5.24,3.94,3.5,1.26,13.7,6.69
HSS,HSS7X3X.125,HSS7X3X1/8,F,8.16,2.23,7,6.65,3,2.65,0.125,0.116,22.9,57.3,13.8,4.93,3.95,2.49,3.71,2.73,2.48,1.29,9.48,4.6
HSS,HSS7X2X.250,HSS7X2X1/4,F,13.91,3.84,7,6.3,2,1.3,0.25,0.233,5.58,27,19.8,7.64,5.67,2.27,2.58,3.02,2.58,0.819,7.95,5.52
HSS,HSS7X2X.188,HSS7X2X3/16,F,10.7,2.93,7,6.48,2,1.48,0.1875,0.174,8.49,37.2,15.7,5.95,4.49,2.31,2.1,2.39,2.1,0.845,6.35,4.32
HSS,HSS7X2X.125,HSS7X2X1/8,F,7.31,2,7,6.65,2,1.65,0.125,0.116,14.2,57.3,11.1,4.13,3.16,2.35,1.52,1.68,1.52,0.871,4.51,3
HSS,HSS6X6X.625,HSS6X6X5/8,F,42.3,11.7,6,4.26,6,4.26,0.625,0.581,7.33,7.33,55.2,23.2,18.4,2.17,55.2,23.2,18.4,2.17,94.9,33.4
HSS,HSS6X6X.500,HSS6X6X1/2,F,35.24,9.74,6,4.61,6,4.61,0.5,0.465,9.9,9.9,48.3,19.8,16.1,2.23,48.3,19.8,16.1,2.23,81.1,28.1
HSS,HSS6X6X.375,HSS6X6X3/8,F,27.48,7.58,6,4.95,6,4.95,0.375,0.349,14.2,14.2,39.5,15.8,13.2,2.28,39.5,15.8,13.2,2.28,64.6,22.1
HSS,HSS6X6X.313,HSS6X6X5/16,F,23.34,6.43,6,5.13,6,5.13,0.3125,0.291,17.6,17.6,34.3,13.6,11.4,2.31,34.3,13.6,11.4,2.31,55.4,18.9
HSS,HSS6X6X.250,HSS6X6X1/4,F,19.02,5.24,6,5.3,6,5.3,0.25,0.233,22.8,22.8,28.6,11.2,9.54,2.34,28.6,11.2,9.54,2.34,45.6,15.4
HSS,HSS6X6X.188,HSS6X6X3/16,F,14.53,3.98,6,5.48,6,5.48,0.1875,0.174,31.5,31.5,22.3,8.63,7.42,2.37,22.3,8.63,7.42,2.37,35,11.8
HSS,HSS6X6X.125,HSS6X6X1/8,F,9.86,2.7,6,5.65,6,5.65,0.125,0.116,48.7,48.7,15.5,5.92,5.15,2.39,15.5,5.92,5.15,2.39,23.9,8.03
HSS,HSS6X5X.500,HSS6X5X1/2,F,31.84,8.81,6,4.61,5,3.6,0.5,0.465,7.75,9.9,41.1,17.2,13.7,2.16,30.8,15.2,12.3,1.87,59.8,23
HSS,HSS6X5X.375,HSS6X5X3/8,F,24.93,6.88,6,4.95,5,3.95,0.375,0.349,11.3,14.2,33.9,13.8,11.3,2.22,25.5,12.2,10.2,1.92,48.1,18.2
HSS,HSS6X5X.313,HSS6X5X5/16,F,21.21,5.85,6,5.13,5,4.13,0.3125,0.291,14.2,17.6,29.6,11.9,9.85,2.25,22.3,10.5,8.91,1.95,41.4,15.6
HSS,HSS6X5X.250,HSS6X5X1/4,F,17.32,4.77,6,5.3,5,4.3,0.25,0.233,18.5,22.8,24.7,9.87,8.25,2.28,18.7,8.72,7.47,1.98,34.2,12.8
HSS,HSS6X5X.188,HSS6X5X3/16,F,13.25,3.63,6,5.48,5,4.48,0.1875,0.174,25.7,31.5,19.3,7.62,6.44,2.31,14.6,6.73,5.84,2.01,26.3,9.76
HSS,HSS6X5X.125,HSS6X5X1/8,F,9.01,2.46,6,5.65,5,4.65,0.125,0.116,40.1,48.7,13.4,5.24,4.48,2.34,10.2,4.63,4.07,2.03,18,6.66
HSS,HSS6X4X.500,HSS6X4X1/2,F,28.43,7.88,6,4.61,4,2.6,0.5,0.465,5.6,9.9,34,14.6,11.3,2.08,17.8,11,8.89,1.5,40.3,17.8
HSS,HSS6X4X.375,HSS6X4X3/8,F,22.37,6.18,6,4.95,4,2.95,0.375,0.349,8.46,14.2,28.3,11.9,9.43,2.14,14.9,8.94,7.47,1.55,32.8,14.2
HSS,HSS6X4X.313,HSS6X4X5/16,F,19.08,5.26,6,5.13,4,3.13,0.3125,0.291,10.7,17.6,24.8,10.3,8.27,2.17,13.2,7.75,6.58,1.58,28.4,12.2
HSS,HSS6X4X.250,HSS6X4X1/4,F,15.62,4.3,6,5.3,4,3.3,0.25,0.233,14.2,22.8,20.9,8.53,6.96,2.2,11.1,6.45,5.56,1.61,23.6,10.1
HSS,HSS6X4X.188,HSS6X4X3/16,F,11.97,3.28,6,5.48,4,3.48,0.1875,0.174,20,31.5,16.4,6.6,5.46,2.23,8.76,5,4.38,1.63,18.2,7.74
HSS,HSS6X4X.125,HSS6X4X1/8,F,8.16,2.23,6,5.65,4,3.65,0.125,0.116,31.5,48.7,11.4,4.56,3.81,2.26,6.15,3.46,3.08,1.66,12.6,5.3
HSS,HSS6X3X.500,HSS6X3X1/2,F,25.03,6.95,6,4.61,3,1.6,0.5,0.465,3.45,9.9,26.8,12.1,8.95,1.97,8.69,7.28,5.79,1.12,23.1,12.7
HSS,HSS6X3X.375,HSS6X3X3/8,F,19.82,5.48,6,4.95,3,1.95,0.375,0.349,5.6,14.2,22.7,9.9,7.57,2.04,7.48,6.03,4.99,1.17,19.3,10.3
HSS,HSS6X3X.313,HSS6X3X5/16,F,16.96,4.68,6,5.13,3,2.13,0.3125,0.291,7.31,17.6,20.1,8.61,6.69,2.07,6.67,5.27,4.45,1.19,16.9,8.91
HSS,HSS6X3X.250,HSS6X3X1/4,F,13.91,3.84,6,5.3,3,2.3,0.25,0.233,9.88,22.8,17,7.19,5.66,2.1,5.7,4.41,3.8,1.22,14.2,7.39
HSS,HSS6X3X.188,HSS6X3X3/16,F,10.7,2.93,6,5.48,3,2.48,0.1875,0.174,14.2,31.5,13.4,5.59,4.47,2.14,4.55,3.45,3.03,1.25,11.1,5.71
HSS,HSS6X3X.125,HSS6X3X1/8,F,7.31,2,6,5.65,3,2.65,0.125,0.116,22.9,48.7,9.43,3.87,3.14,2.17,3.23,2.4,2.15,1.27,7.73,3.93
HSS,HSS6X2X.375,HSS6X2X3/8,F,17.27,4.78,6,4.95,2,0.953,0.375,0.349,2.73,14.2,17.1,7.93,5.71,1.89,2.77,3.46,2.77,0.76,8.42,6.35
HSS,HSS6X2X.313,HSS6X2X5/16,F,14.83,4.1,6,5.13,2,1.13,0.3125,0.291,3.87,17.6,15.3,6.95,5.11,1.93,2.52,3.07,2.52,0.785,7.6,5.58
HSS,HSS6X2X.250,HSS6X2X1/4,F,12.21,3.37,6,5.3,2,1.3,0.25,0.233,5.58,22.8,13.1,5.84,4.37,1.97,2.21,2.61,2.21,0.81,6.55,4.7
HSS,HSS6X2X.188,HSS6X2X3/16,F,9.42,2.58,6,5.48,2,1.48,0.1875,0.174,8.49,31.5,10.5,4.58,3.49,2.01,1.8,2.07,1.8,0.836,5.24,3.68
HSS,HSS6X2X.125,HSS6X2X1/8,F,6.46,1.77,6,5.65,2,1.65,0.125,0.116,14.2,48.7,7.42,3.19,2.47,2.05,1.31,1.46,1.31,0.861,3.72,2.57
HSS,HSS5-1/2X5-1/2X.375,HSS5-1/2X5-1/2X3/8,F,24.93,6.88,5.5,4.45,5.5,4.45,0.375,0.349,12.8,12.8,29.7,13.1,10.8,2.08,29.7,13.1,10.8,2.08,49,18.4
HSS,HSS5-1/2X5-1/2X.313,HSS5-1/2X5-1/2X5/16,F,21.21,5.85,5.5,4.63,5.5,4.63,0.3125,0.291,15.9,15.9,25.9,11.3,9.43,2.11,25.9,11.3,9.43,2.11,42.2,15.7
HSS,HSS5-1/2X5-1/2X.250,HSS5-1/2X5-1/2X1/4,F,17.32,4.77,5.5,4.8,5.5,4.8,0.25,0.233,20.6,20.6,21.7,9.32,7.9,2.13,21.7,9.32,7.9,2.13,34.8,12.9
HSS,HSS5-1/2X5-1/2X.188,HSS5-1/2X5-1/2X3/16,F,13.25,3.63,5.5,4.98,5.5,4.98,0.1875,0.174,28.6,28.6,17,7.19,6.17,2.16,17,7.19,6.17,2.16,26.7,9.85
HSS,HSS5-1/2X5-1/2X.125,HSS5-1/2X5-1/2X1/8,F,9.01,2.46,5.5,5.15,5.5,5.15,0.125,0.116,44.4,44.4,11.8,4.95,4.3,2.19,11.8,4.95,4.3,2.19,18.3,6.72
HSS,HSS5X5X.500,HSS5X5X1/2,F,28.43,7.88,5,3.6,5,3.6,0.5,0.465,7.75,7.75,26,13.1,10.4,1.82,26,13.1,10.4,1.82,44.6,18.7
HSS,HSS5X5X.375,HSS5X5X3/8,F,22.37,6.18,5,3.95,5,3.95,0.375,0.349,11.3,11.3,21.7,10.6,8.68,1.87,21.7,10.6,8.68,1.87,36.1,14.9
HSS,HSS5X5X.313,HSS5X5X5/16,F,19.08,5.26,5,4.13,5,4.13,0.3125,0.291,14.2,14.2,19,9.16,7.62,1.9,19,9.16,7.62,1.9,31.2,12.8
HSS,HSS5X5X.250,HSS5X5X1/4,F,15.62,4.3,5,4.3,5,4.3,0.25,0.233,18.5,18.5,16,7.61,6.41,1.93,16,7.61,6.41,1.93,25.8,10.5
HSS,HSS5X5X.188,HSS5X5X3/16,F,11.97,3.28,5,4.48,5,4.48,0.1875,0.174,25.7,25.7,12.6,5.89,5.03,1.96,12.6,5.89,5.03,1.96,19.9,8.08
HSS,HSS5X5X.125,HSS5X5X1/8,F,8.16,2.23,5,4.65,5,4.65,0.125,0.116,40.1,40.1,8.8,4.07,3.52,1.99,8.8,4.07,3.52,1.99,13.7,5.53
HSS,HSS5X4X.500,HSS5X4X1/2,F,25.03,6.95,5,3.6,4,2.6,0.5,0.465,5.6,7.75,21.2,10.9,8.49,1.75,14.9,9.35,7.43,1.46,30.3,14.5
HSS,HSS5X4X.375,HSS5X4X3/8,F,19.82,5.48,5,3.95,4,2.95,0.375,0.349,8.46,11.3,17.9,8.96,7.17,1.81,12.6,7.67,6.3,1.52,24.9,11.7
HSS,HSS5X4X.313,HSS5X4X5/16,F,16.96,4.68,5,4.13,4,3.13,0.3125,0.291,10.7,14.2,15.8,7.79,6.32,1.84,11.1,6.67,5.57,1.54,21.7,10.1
HSS,HSS5X4X.250,HSS5X4X1/4,F,13.91,3.84,5,4.3,4,3.3,0.25,0.233,14.2,18.5,13.4,6.49,5.35,1.87,9.46,5.57,4.73,1.57,18,8.32
HSS,HSS5X4X.188,HSS5X4X3/16,F,10.7,2.93,5,4.48,4,3.48,0.1875,0.174,20,25.7,10.6,5.05,4.22,1.9,7.48,4.34,3.74,1.6,14,6.41
HSS,HSS5X4X.125,HSS5X4X1/8,F,7.31,2,5,4.65,4,3.65,0.125,0.116,31.5,40.1,7.42,3.5,2.97,1.93,5.27,3.01,2.64,1.62,9.66,4.39
HSS,HSS5X3X.500,HSS5X3X1/2,F,21.63,6.02,5,3.6,3,1.6,0.5,0.465,3.45,7.75,16.4,8.83,6.57,1.65,7.18,6.1,4.78,1.09,17.6,10.3
HSS,HSS5X3X.375,HSS5X3X3/8,F,17.27,4.78,5,3.95,3,1.95,0.375,0.349,5.6,11.3,14.1,7.34,5.65,1.72,6.25,5.1,4.16,1.14,14.9,8.44
HSS,HSS5X3X.313,HSS5X3X5/16,F,14.83,4.1,5,4.13,3,2.13,0.3125,0.291,7.31,14.2,12.6,6.42,5.03,1.75,5.6,4.48,3.73,1.17,13.1,7.33
HSS,HSS5X3X.250,HSS5X3X1/4,F,12.21,3.37,5,4.3,3,2.3,0.25,0.233,9.88,18.5,10.7,5.38,4.29,1.78,4.81,3.77,3.21,1.19,11,6.1
HSS,HSS5X3X.188,HSS5X3X3/16,F,9.42,2.58,5,4.48,3,2.48,0.1875,0.174,14.2,25.7,8.53,4.21,3.41,1.82,3.85,2.96,2.57,1.22,8.64,4.73
HSS,HSS5X3X.125,HSS5X3X1/8,F,6.46,1.77,5,4.65,3,2.65,0.125,0.116,22.9,40.1,6.03,2.93,2.41,1.85,2.75,2.07,1.83,1.25,6.02,3.26
HSS,HSS5X2-1/2X.250,HSS5X2-1/2X1/4,F,11.36,3.14,5,4.3,2.5,1.8,0.25,0.233,7.73,18.5,9.4,4.83,3.76,1.73,3.13,2.95,2.5,0.999,7.93,4.99
HSS,HSS5X2-1/2X.188,HSS5X2-1/2X3/16,F,8.78,2.41,5,4.48,2.5,1.98,0.1875,0.174,11.4,25.7,7.51,3.79,3.01,1.77,2.53,2.33,2.03,1.02,6.26,3.89
HSS,HSS5X2-1/2X.125,HSS5X2-1/2X1/8,F,6.03,1.65,5,4.65,2.5,2.15,0.125,0.116,18.6,40.1,5.34,2.65,2.14,1.8,1.82,1.64,1.46,1.05,4.4,2.7
HSS,HSS5X2X.375,HSS5X2X3/8,F,14.72,4.09,5,3.95,2,0.953,0.375,0.349,2.73,11.3,10.4,5.71,4.14,1.59,2.28,2.88,2.28,0.748,6.61,5.2
HSS,HSS5X2X.313,HSS5X2X5/16,F,12.7,3.52,5,4.13,2,1.13,0.3125,0.291,3.87,14.2,9.35,5.05,3.74,1.63,2.1,2.57,2.1,0.772,5.99,4.59
HSS,HSS5X2X.250,HSS5X2X1/4,F,10.51,2.91,5,4.3,2,1.3,0.25,0.233,5.58,18.5,8.08,4.27,3.23,1.67,1.84,2.2,1.84,0.797,5.17,3.88
HSS,HSS5X2X.188,HSS5X2X3/16,F,8.15,2.24,5,4.48,2,1.48,0.1875,0.174,8.49,25.7,6.5,3.37,2.6,1.7,1.51,1.75,1.51,0.823,4.15,3.05
HSS,HSS5X2X.125,HSS5X2X1/8,F,5.61,1.54,5,4.65,2,1.65,0.125,0.116,14.2,40.1,4.65,2.37,1.86,1.74,1.1,1.24,1.1,0.848,2.95,2.13
HSS,HSS4-1/2X4-1/2X.500,HSS4-1/2X4-1/2X1/2,F,25.03,6.95,4.5,3.1,4.5,3.1,0.5,0.465,6.68,6.68,18.1,10.2,8.03,1.61,18.1,10.2,8.03,1.61,31.3,14.8
HSS,HSS4-1/2X4-1/2X.375,HSS4-1/2X4-1/2X3/8,F,19.82,5.48,4.5,3.45,4.5,3.45,0.375,0.349,9.89,9.89,15.3,8.36,6.79,1.67,15.3,8.36,6.79,1.67,25.7,11.9
HSS,HSS4-1/2X4-1/2X.313,HSS4-1/2X4-1/2X5/16,F,16.96,4.68,4.5,3.63,4.5,3.63,0.3125,0.291,12.5,12.5,13.5,7.27,6,1.7,13.5,7.27,6,1.7,22.3,10.2
HSS,HSS4-1/2X4-1/2X.250,HSS4-1/2X4-1/2X1/4,F,13.91,3.84,4.5,3.8,4.5,3.8,0.25,0.233,16.3,16.3,11.4,6.06,5.08,1.73,11.4,6.06,5.08,1.73,18.5,8.44
HSS,HSS4-1/2X4-1/2X.188,HSS4-1/2X4-1/2X3/16,F,10.7,2.93,4.5,3.98,4.5,3.98,0.1875,0.174,22.9,22.9,9.02,4.71,4.01,1.75,9.02,4.71,4.01,1.75,14.4,6.49
HSS,HSS4-1/2X4-1/2X.125,HSS4-1/2X4-1/2X1/8,F,7.31,2,4.5,4.15,4.5,4.15,0.125,0.116,35.8,35.8,6.35,3.27,2.82,1.78,6.35,3.27,2.82,1.78,9.92,4.45
HSS,HSS4X4X.500,HSS4X4X1/2,F,21.63,6.02,4,2.6,4,2.6,0.5,0.465,5.6,5.6,11.9,7.7,5.97,1.41,11.9,7.7,5.97,1.41,21,11.2
HSS,HSS4X4X.375,HSS4X4X3/8,F,17.27,4.78,4,2.95,4,2.95,0.375,0.349,8.46,8.46,10.3,6.39,5.13,1.47,10.3,6.39,5.13,1.47,17.5,9.14
HSS,HSS4X4X.313,HSS4X4X5/16,F,14.83,4.1,4,3.13,4,3.13,0.3125,0.291,10.7,10.7,9.14,5.59,4.57,1.49,9.14,5.59,4.57,1.49,15.3,7.91
HSS,HSS4X4X.250,HSS4X4X1/4,F,12.21,3.37,4,3.3,4,3.3,0.25,0.233,14.2,14.2,7.8,4.69,3.9,1.52,7.8,4.69,3.9,1.52,12.8,6.56
HSS,HSS4X4X.188,HSS4X4X3/16,F,9.42,2.58,4,3.48,4,3.48,0.1875,0.174,20,20,6.21,3.67,3.1,1.55,6.21,3.67,3.1,1.55,10,5.07
HSS,HSS4X4X.125,HSS4X4X1/8,F,6.46,1.77,4,3.65,4,3.65,0.125,0.116,31.5,31.5,4.4,2.56,2.2,1.58,4.4,2.56,2.2,1.58,6.91,3.49
HSS,HSS4X3X.375,HSS4X3X3/8,F,14.72,4.09,4,2.95,3,1.95,0.375,0.349,5.6,8.46,7.93,5.12,3.97,1.39,5.01,4.18,3.34,1.11,10.6,6.59
HSS,HSS4X3X.313,HSS4X3X5/16,F,12.7,3.52,4,3.13,3,2.13,0.3125,0.291,7.31,10.7,7.14,4.51,3.57,1.42,4.52,3.69,3.02,1.13,9.41,5.75
HSS,HSS4X3X.250,HSS4X3X1/4,F,10.51,2.91,4,3.3,3,2.3,0.25,0.233,9.88,14.2,6.15,3.81,3.07,1.45,3.91,3.12,2.61,1.16,7.96,4.81
HSS,HSS4X3X.188,HSS4X3X3/16,F,8.15,2.24,4,3.48,3,2.48,0.1875,0.174,14.2,20,4.93,3,2.47,1.49,3.16,2.46,2.1,1.19,6.26,3.74
HSS,HSS4X3X.125,HSS4X3X1/8,F,5.61,1.54,4,3.65,3,2.65,0.125,0.116,22.9,31.5,3.52,2.11,1.76,1.52,2.27,1.73,1.51,1.21,4.38,2.59
HSS,HSS4X2-1/2X.375,HSS4X2-1/2X3/8,F,13.44,3.74,4,2.95,2.5,1.45,0.375,0.349,4.16,8.46,6.77,4.48,3.38,1.35,3.17,3.2,2.54,0.922,7.57,5.32
HSS,HSS4X2-1/2X.313,HSS4X2-1/2X5/16,F,11.64,3.23,4,3.13,2.5,1.63,0.3125,0.291,5.59,10.7,6.13,3.97,3.07,1.38,2.89,2.85,2.32,0.947,6.77,4.67
HSS,HSS4X2-1/2X.250,HSS4X2-1/2X1/4,F,9.66,2.67,4,3.3,2.5,1.8,0.25,0.233,7.73,14.2,5.32,3.38,2.66,1.41,2.53,2.43,2.02,0.973,5.78,3.93
HSS,HSS4X2-1/2X.188,HSS4X2-1/2X3/16,F,7.51,2.06,4,3.48,2.5,1.98,0.1875,0.174,11.4,20,4.3,2.67,2.15,1.44,2.06,1.93,1.65,0.999,4.59,3.08
HSS,HSS4X2-1/2X.125,HSS4X2-1/2X1/8,F,5.18,1.42,4,3.65,2.5,2.15,0.125,0.116,18.6,31.5,3.09,1.88,1.54,1.47,1.49,1.36,1.19,1.03,3.23,2.14
HSS,HSS4X2X.375,HSS4X2X3/8,F,12.17,3.39,4,2.95,2,0.953,0.375,0.349,2.73,8.46,5.6,3.84,2.8,1.29,1.8,2.31,1.8,0.729,4.83,4.04
HSS,HSS4X2X.313,HSS4X2X5/16,F,10.58,2.94,4,3.13,2,1.13,0.3125,0.291,3.87,10.7,5.13,3.43,2.56,1.32,1.67,2.08,1.67,0.754,4.4,3.59
HSS,HSS4X2X.250,HSS4X2X1/4,F,8.81,2.44,4,3.3,2,1.3,0.25,0.233,5.58,14.2,4.49,2.94,2.25,1.36,1.48,1.79,1.48,0.779,3.82,3.05
HSS,HSS4X2X.188,HSS4X2X3/16,F,6.87,1.89,4,3.48,2,1.48,0.1875,0.174,8.49,20,3.66,2.34,1.83,1.39,1.22,1.43,1.22,0.804,3.08,2.41
HSS,HSS4X2X.125,HSS4X2X1/8,F,4.75,1.3,4,3.65,2,1.65,0.125,0.116,14.2,31.5,2.65,1.66,1.32,1.43,0.898,1.02,0.898,0.83,2.2,1.69
HSS,HSS3-1/2X3-1/2X.375,HSS3-1/2X3-1/2X3/8,F,14.72,4.09,3.5,2.45,3.5,2.45,0.375,0.349,7.03,7.03,6.49,4.69,3.71,1.26,6.49,4.69,3.71,1.26,11.2,6.77
HSS,HSS3-1/2X3-1/2X.313,HSS3-1/2X3-1/2X5/16,F,12.7,3.52,3.5,2.63,3.5,2.63,0.3125,0.291,9.03,9.03,5.84,4.14,3.34,1.29,5.84,4.14,3.34,1.29,9.89,5.9
HSS,HSS3-1/2X3-1/2X.250,HSS3-1/2X3-1/2X1/4,F,10.51,2.91,3.5,2.8,3.5,2.8,0.25,0.233,12,12,5.04,3.5,2.88,1.32,5.04,3.5,2.88,1.32,8.35,4.92
HSS,HSS3-1/2X3-1/2X188,HSS3-1/2X3-1/2X3/16,F,8.15,2.24,3.5,2.98,3.5,2.98,0.1875,0.174,17.1,17.1,4.05,2.76,2.31,1.35,4.05,2.76,2.31,1.35,6.56,3.83
HSS,HSS3-1/2X3-1/2X.125,HSS3-1/2X3-1/2X1/8,F,5.61,1.54,3.5,3.15,3.5,3.15,0.125,0.116,27.2,27.2,2.9,1.93,1.66,1.37,2.9,1.93,1.66,1.37,4.58,2.65
HSS,HSS3-1/2X2-1/2X.375,HSS3-1/2X2-1/2X3/8,F,12.17,3.39,3.5,2.45,2.5,1.45,0.375,0.349,4.16,7.03,4.75,3.59,2.72,1.18,2.77,2.82,2.21,0.904,6.16,4.57
HSS,HSS3-1/2X2-1/2X.313,HSS3-1/2X2-1/2X5/16,F,10.58,2.94,3.5,2.63,2.5,1.63,0.3125,0.291,5.59,9.03,4.34,3.2,2.48,1.22,2.54,2.52,2.03,0.93,5.53,4.03
HSS,HSS3-1/2X2-1/2X.250,HSS3-1/2X2-1/2X1/4,F,8.81,2.44,3.5,2.8,2.5,1.8,0.25,0.233,7.73,12,3.79,2.74,2.17,1.25,2.23,2.16,1.78,0.956,4.75,3.4
HSS,HSS3-1/2X2-1/2X.188,HSS3-1/2X2-1/2X3/16,F,6.87,1.89,3.5,2.98,2.5,1.98,0.1875,0.174,11.4,17.1,3.09,2.18,1.76,1.28,1.82,1.72,1.46,0.983,3.78,2.67
HSS,HSS3-1/2X2-1/2X.125,HSS3-1/2X2-1/2X1/8,F,4.75,1.3,3.5,3.15,2.5,2.15,0.125,0.116,18.6,27.2,2.23,1.54,1.28,1.31,1.33,1.22,1.06,1.01,2.67,1.87
HSS,HSS3-1/2X2X.250,HSS3-1/2X2X1/4,F,7.96,2.21,3.5,2.8,2,1.3,0.25,0.233,5.58,12,3.17,2.36,1.81,1.2,1.3,1.58,1.3,0.766,3.16,2.64
HSS,HSS3-1/2X2X.188,HSS3-1/2X2X3/16,F,6.23,1.71,3.5,2.98,2,1.48,0.1875,0.174,8.49,17.1,2.61,1.89,1.49,1.23,1.08,1.27,1.08,0.792,2.55,2.09
HSS,HSS3-1/2X2X.125,HSS3-1/2X2X1/8,F,4.33,1.19,3.5,3.15,2,1.65,0.125,0.116,14.2,27.2,1.9,1.34,1.09,1.27,0.795,0.912,0.795,0.818,1.83,1.47
HSS,HSS3-1/2X1-1/2X.250,HSS3-1/2X1-1/2X1/4,F,7.11,1.97,3.5,2.8,1.5,0.801,0.25,0.233,3.44,12,2.55,1.98,1.46,1.14,0.638,1.06,0.851,0.569,1.79,1.88
HSS,HSS3-1/2X1-1/2X.188,HSS3-1/2X1-1/2X3/16,F,5.59,1.54,3.5,2.98,1.5,0.978,0.1875,0.174,5.62,17.1,2.12,1.6,1.21,1.17,0.544,0.867,0.725,0.594,1.49,1.51
HSS,HSS3-1/2X1-1/2X.125,HSS3-1/2X1-1/2X1/8,F,3.9,1.07,3.5,3.15,1.5,1.15,0.125,0.116,9.93,27.2,1.57,1.15,0.896,1.21,0.411,0.63,0.548,0.619,1.09,1.08
HSS,HSS3X3X.375,HSS3X3X3/8,F,12.17,3.39,3,1.95,3,1.95,0.375,0.349,5.6,5.6,3.78,3.25,2.52,1.06,3.78,3.25,2.52,1.06,6.64,4.74
HSS,HSS3X3X.313,HSS3X3X5/16,F,10.58,2.94,3,2.13,3,2.13,0.3125,0.291,7.31,7.31,3.45,2.9,2.3,1.08,3.45,2.9,2.3,1.08,5.94,4.18
HSS,HSS3X3X.250,HSS3X3X1/4,F,8.81,2.44,3,2.3,3,2.3,0.25,0.233,9.88,9.88,3.02,2.48,2.01,1.11,3.02,2.48,2.01,1.11,5.08,3.52
HSS,HSS3X3X.188,HSS3X3X3/16,F,6.87,1.89,3,2.48,3,2.48,0.1875,0.174,14.2,14.2,2.46,1.97,1.64,1.14,2.46,1.97,1.64,1.14,4.03,2.76
HSS,HSS3X3X.125,HSS3X3X1/8,F,4.75,1.3,3,2.65,3,2.65,0.125,0.116,22.9,22.9,1.78,1.4,1.19,1.17,1.78,1.4,1.19,1.17,2.84,1.92
HSS,HSS3X2-1/2X.313,HSS3X2-1/2X5/16,F,9.51,2.64,3,2.13,2.5,1.63,0.3125,0.291,5.59,7.31,2.92,2.51,1.94,1.05,2.18,2.2,1.74,0.908,4.34,3.39
HSS,HSS3X2-1/2X.250,HSS3X2-1/2X1/4,F,7.96,2.21,3,2.3,2.5,1.8,0.25,0.233,7.73,9.88,2.57,2.16,1.72,1.08,1.93,1.9,1.54,0.935,3.74,2.87
HSS,HSS3X2-1/2X.188,HSS3X2-1/2X3/16,F,6.23,1.71,3,2.48,2.5,1.98,0.1875,0.174,11.4,14.2,2.11,1.73,1.41,1.11,1.59,1.52,1.27,0.963,3,2.27
HSS,HSS3X2-1/2X.125,HSS3X2-1/2X1/8,F,4.33,1.19,3,2.65,2.5,2.15,0.125,0.116,18.6,22.9,1.54,1.23,1.03,1.14,1.16,1.09,0.931,0.99,2.13,1.59
HSS,HSS3X2X.313,HSS3X2X5/16,F,8.45,2.35,3,2.13,2,1.13,0.3125,0.291,3.87,7.31,2.38,2.11,1.59,1.01,1.24,1.58,1.24,0.725,2.87,2.6
HSS,HSS3X2X.250,HSS3X2X1/4,F,7.11,1.97,3,2.3,2,1.3,0.25,0.233,5.58,9.88,2.13,1.83,1.42,1.04,1.11,1.38,1.11,0.751,2.52,2.23
HSS,HSS3X2X.188,HSS3X2X3/16,F,5.59,1.54,3,2.48,2,1.48,0.1875,0.174,8.49,14.2,1.77,1.48,1.18,1.07,0.932,1.12,0.932,0.778,2.05,1.78
HSS,HSS3X2X.125,HSS3X2X1/8,F,3.9,1.07,3,2.65,2,1.65,0.125,0.116,14.2,22.9,1.3,1.06,0.867,1.1,0.692,0.803,0.692,0.804,1.47,1.25
HSS,HSS3X1-1/2X.250,HSS3X1-1/2X1/4,F,6.26,1.74,3,2.3,1.5,0.801,0.25,0.233,3.44,9.88,1.68,1.51,1.12,0.982,0.543,0.911,0.725,0.559,1.44,1.58
HSS,HSS3X1-1/2X.188,HSS3X1-1/2X3/16,F,4.96,1.37,3,2.48,1.5,0.978,0.1875,0.174,5.62,14.2,1.42,1.24,0.945,1.02,0.467,0.752,0.622,0.584,1.21,1.28
HSS,HSS3X1-1/2X.125,HSS3X1-1/2X1/8,F,3.48,0.956,3,2.65,1.5,1.15,0.125,0.116,9.93,22.9,1.06,0.895,0.706,1.05,0.355,0.55,0.474,0.61,0.886,0.92
HSS,HSS3X1X.188,HSS3X1X3/16,F,4.32,1.19,3,2.48,1,0.478,0.1875,0.174,2.75,14.2,1.07,0.989,0.713,0.947,0.173,0.432,0.345,0.38,0.526,0.792
HSS,HSS3X1X.125,HSS3X1X1/8,F,3.05,0.84,3,2.65,1,0.652,0.125,0.116,5.62,22.9,0.817,0.728,0.545,0.987,0.138,0.325,0.276,0.405,0.408,0.585
HSS,HSS2-1/2X2-1/2X.313,HSS2-1/2X2-1/2X5/16,F,8.45,2.35,2.5,1.63,2.5,1.63,0.3125,0.291,5.59,5.59,1.82,1.88,1.46,0.88,1.82,1.88,1.46,0.88,3.2,2.74
HSS,HSS2-1/2X2-1/2X.250,HSS2-1/2X2-1/2X1/4,F,7.11,1.97,2.5,1.8,2.5,1.8,0.25,0.233,7.73,7.73,1.63,1.63,1.3,0.908,1.63,1.63,1.3,0.908,2.79,2.35
HSS,HSS2-1/2X2-1/2X.188,HSS2-1/2X2-1/2X3/16,F,5.59,1.54,2.5,1.98,2.5,1.98,0.1875,0.174,11.4,11.4,1.35,1.32,1.08,0.937,1.35,1.32,1.08,0.937,2.25,1.86
HSS,HSS2-1/2X2-1/2X.125,HSS2-1/2X2-1/2X1/8,F,3.9,1.07,2.5,2.15,2.5,2.15,0.125,0.116,18.6,18.6,0.998,0.947,0.799,0.965,0.998,0.947,0.799,0.965,1.61,1.31
HSS,HSS2-1/2X2X.250,HSS2-1/2X2X1/4,F,6.26,1.74,2.5,1.8,2,1.3,0.25,0.233,5.58,7.73,1.33,1.37,1.06,0.874,0.93,1.17,0.93,0.731,1.9,1.82
HSS,HSS2-1/2X2X.188,HSS2-1/2X2X3/16,F,4.96,1.37,2.5,1.98,2,1.48,0.1875,0.174,8.49,11.4,1.12,1.12,0.894,0.904,0.786,0.956,0.786,0.758,1.55,1.46
HSS,HSS2-1/2X2X.125,HSS2-1/2X2X1/8,F,3.48,0.956,2.5,2.15,2,1.65,0.125,0.116,14.2,18.6,0.833,0.809,0.667,0.934,0.589,0.694,0.589,0.785,1.12,1.04
HSS,HSS2-1/2X1-1/2X.250,HSS2-1/2X1-1/2X1/4,F,5.41,1.51,2.5,1.8,1.5,0.801,0.25,0.233,3.44,7.73,1.03,1.11,0.822,0.826,0.449,0.764,0.599,0.546,1.1,1.29
HSS,HSS2-1/2X1-1/2X.188,HSS2-1/2X1-1/2X3/16,F,4.32,1.19,2.5,1.98,1.5,0.978,0.1875,0.174,5.62,11.4,0.882,0.915,0.705,0.86,0.39,0.636,0.52,0.572,0.929,1.05
HSS,HSS2-1/2X1-1/2X.125,HSS2-1/2X1-1/2X1/8,F,3.05,0.84,2.5,2.15,1.5,1.15,0.125,0.116,9.93,18.6,0.668,0.671,0.535,0.892,0.3,0.469,0.399,0.597,0.687,0.759
HSS,HSS2-1/2X1X.188,HSS2-1/2X1X3/16,F,3.68,1.02,2.5,1.98,1,0.478,0.1875,0.174,2.75,11.4,0.646,0.713,0.517,0.796,0.143,0.36,0.285,0.374,0.412,0.648
HSS,HSS2-1/2X1X.125,HSS2-1/2X1X1/8,F,2.63,0.724,2.5,2.15,1,0.652,0.125,0.116,5.62,18.6,0.503,0.532,0.403,0.834,0.115,0.274,0.23,0.399,0.322,0.483
HSS,HSS2-1/4X2-1/4X.250,HSS2-1/4X2-1/4X1/4,F,6.26,1.74,2.25,1.55,2.25,1.55,0.25,0.233,6.66,6.66,1.13,1.28,1.01,0.806,1.13,1.28,1.01,0.806,1.96,1.85
HSS,HSS2-1/4X2-1/4X.188,HSS2-1/4X2-1/4X3/16,F,4.96,1.37,2.25,1.73,2.25,1.73,0.1875,0.174,9.93,9.93,0.953,1.04,0.847,0.835,0.953,1.04,0.847,0.835,1.6,1.48
HSS,HSS2-1/4X2-1/4X.125,HSS2-1/4X2-1/4X1/8,F,3.48,0.956,2.25,1.9,2.25,1.9,0.125,0.116,16.4,16.4,0.712,0.755,0.633,0.863,0.712,0.755,0.633,0.863,1.15,1.05
HSS,HSS2-1/4X2X.188,HSS2-1/4X2X3/16,F,4.64,1.28,2.25,1.73,2,1.48,0.1875,0.174,8.49,9.93,0.859,0.952,0.764,0.819,0.713,0.877,0.713,0.747,1.32,1.3
HSS,HSS2-1/4X2X.125,HSS2-1/4X2X1/8,F,3.27,0.898,2.25,1.9,2,1.65,0.125,0.116,14.2,16.4,0.646,0.693,0.574,0.848,0.538,0.639,0.538,0.774,0.957,0.927
HSS,HSS2X2X.250,HSS2X2X1/4,F,5.41,1.51,2,1.3,2,1.3,0.25,0.233,5.58,5.58,0.747,0.964,0.747,0.704,0.747,0.964,0.747,0.704,1.31,1.41
HSS,HSS2X2X.188,HSS2X2X3/16,F,4.32,1.19,2,1.48,2,1.48,0.1875,0.174,8.49,8.49,0.641,0.797,0.641,0.733,0.641,0.797,0.641,0.733,1.09,1.14
HSS,HSS2X2X.125,HSS2X2X1/8,F,3.05,0.84,2,1.65,2,1.65,0.125,0.116,14.2,14.2,0.486,0.584,0.486,0.761,0.486,0.584,0.486,0.761,0.796,0.817
HSS,HSS2X1-1/2X.188,HSS2X1-1/2X3/16,F,3.68,1.02,2,1.48,1.5,0.978,0.1875,0.174,5.62,8.49,0.495,0.639,0.495,0.697,0.313,0.521,0.417,0.554,0.664,0.822
HSS,HSS2X1-1/2X.125,HSS2X1-1/2X1/8,F,2.63,0.724,2,1.65,1.5,1.15,0.125,0.116,9.93,14.2,0.383,0.475,0.383,0.728,0.244,0.389,0.325,0.581,0.496,0.599
HSS,HSS2X1X.188,HSS2X1X3/16,F,3.04,0.845,2,1.48,1,0.478,0.1875,0.174,2.75,8.49,0.35,0.48,0.35,0.643,0.112,0.288,0.225,0.365,0.301,0.505
HSS,HSS2X1X.125,HSS2X1X1/8,F,2.2,0.608,2,1.65,1,0.652,0.125,0.116,5.62,14.2,0.28,0.366,0.28,0.679,0.0922,0.223,0.184,0.39,0.238,0.38
