Type,EDI_Std_Nomenclature,AISC_name,T_F,W,A,d,ddet,bf,bfdet,tw,twdet,twdet/2,tf,tfdet,kdes,kdet,x,eo,xp,b/t,h/tw,Ix,Zx,Sx,rx,Iy,Zy,Sy,ry,J,Cw,Wno,Sw1,Sw2,Sw3,Qf,Qw,ro,H,rts,ho,PA,PB,PC,PD,T,WGi
C,C15X50,C15X50,F,50,14.7,15,15,3.72,3  3/4 ,0.716, 11/16,  3/8 ,0.65,  5/8 ,1.44,1  7/16,0.799,0.583,0.49,5.72,17.7,404,68.5,53.8,5.24,11,8.14,3.77,0.865,2.65,492,17.4,13.7,11.6,5.86,14,34.1,5.49,0.937,1.17,14.4,39.7,43.4,33.7,37.4,12  1/8 ,2  1/4 
C,C15X40,C15X40,F,40,11.8,15,15,3.52,3  1/2 ,0.52,  1/2 ,  1/4 ,0.65,  5/8 ,1.44,1  7/16,0.778,0.767,0.392,5.42,24.4,348,57.5,46.5,5.43,9.17,6.84,3.34,0.883,1.45,410,16,11.7,9.2,4.64,14,28.6,5.71,0.927,1.15,14.4,39.2,42.7,33.5,37,12  1/8 ,2
C,C15X33.9,C15X33.9,F,33.9,10,15,15,3.4,3  3/8 ,0.4,  3/8 ,  3/16,0.65,  5/8 ,1.44,1  7/16,0.788,0.896,0.332,5.23,31.8,315,50.8,42,5.61,8.07,6.19,3.09,0.901,1.01,358,15.1,10.4,7.55,3.81,14,25.2,5.94,0.92,1.13,14.4,38.8,42.2,33.4,36.8,12  1/8 ,2
C,C12X30,C12X30,F,30,8.81,12,12,3.17,3  1/8 ,0.51,  1/2 ,  1/4 ,0.501,  1/2 ,1.13,1  1/8 ,0.674,0.618,0.367,6.33,20.1,162,33.8,27,4.29,5.12,4.32,2.05,0.762,0.861,151,11.7,6.01,4.91,2.45,7.66,16.8,4.54,0.919,1.01,11.5,32.3,35.5,27.2,30.3,9  3/4 ,1  3/4 
C,C12X25,C12X25,F,25,7.34,12,12,3.05,3,0.387,  3/8 ,  3/16,0.501,  1/2 ,1.13,1  1/8 ,0.674,0.746,0.306,6.09,26.5,144,29.4,24,4.43,4.45,3.82,1.87,0.779,0.538,130,11,5.29,4.02,1.99,7.67,14.6,4.72,0.909,1,11.5,32,35,27.1,30.1,9  3/4 ,1  3/4 
C,C12X20.7,C12X20.7,F,20.7,6.08,12,12,2.94,3,0.282,  5/16,  3/16,0.501,  1/2 ,1.13,1  1/8 ,0.698,0.87,0.253,5.87,36.3,129,25.6,21.5,4.61,3.86,3.47,1.72,0.797,0.369,112,10.3,4.6,3.13,1.58,7.66,12.7,4.93,0.899,0.983,11.5,31.7,34.6,26.9,29.9,9  3/4 ,1  3/4 
C,C10X30,C10X30,F,30,8.81,10,10,3.03,3,0.673, 11/16,  3/8 ,0.436,  7/16,1,1  1/16,0.649,0.368,0.441,6.95,12.6,103,26.7,20.7,3.43,3.93,3.78,1.65,0.668,1.22,79.5,9.51,4.12,3.61,1.81,4.91,13.3,3.63,0.921,0.924,9.56,28,31,23,26.1,8,1  3/4 
C,C10X25,C10X25,F,25,7.35,10,10,2.89,2  7/8 ,0.526,  1/2 ,  1/4 ,0.436,  7/16,1,1  1/16,0.617,0.494,0.367,6.63,16.1,91.1,23.1,18.2,3.52,3.34,3.18,1.47,0.675,0.687,68.3,8.94,3.64,3.05,1.5,4.93,11.5,3.76,0.912,0.911,9.56,27.6,30.5,22.9,25.8,8,1  3/4 
C,C10X20,C10X20,F,20,5.87,10,10,2.74,2  3/4 ,0.379,  3/8 ,  3/16,0.436,  7/16,1,1  1/16,0.606,0.636,0.294,6.28,22.3,78.9,19.4,15.8,3.67,2.8,2.7,1.31,0.69,0.368,56.9,8.25,3.1,2.39,1.18,4.92,9.66,3.93,0.9,0.894,9.56,27.2,29.9,22.7,25.5,8,1  1/2 
C,C10X15.3,C10X15.3,F,15.3,4.48,10,10,2.6,2  5/8 ,0.24,  1/4 ,  1/8 ,0.436,  7/16,1,1  1/16,0.634,0.796,0.224,5.96,35.3,67.3,15.9,13.5,3.88,2.27,2.34,1.15,0.711,0.209,45.5,7.48,2.55,1.67,0.841,4.92,7.92,4.19,0.884,0.868,9.56,26.8,29.4,22.6,25.2,8,1  1/2 
C,C9X20,C9X20,F,20,5.87,9,9,2.65,2  5/8 ,0.448,  7/16,  1/4 ,0.413,  7/16,1,1,0.583,0.515,0.326,6.42,16.8,60.9,16.9,13.5,3.22,2.41,2.46,1.17,0.64,0.427,39.4,7.24,2.52,2.04,1.01,3.9,8.44,3.46,0.899,0.85,8.59,24.9,27.6,20.7,23.3,7,1  1/2 
C,C9X15,C9X15,F,15,4.4,9,9,2.49,2  1/2 ,0.285,  5/16,  3/16,0.413,  7/16,1,1,0.586,0.681,0.245,6.03,26.4,51,13.6,11.3,3.4,1.91,2.04,1.01,0.659,0.208,31,6.54,2.06,1.46,0.705,3.91,6.8,3.69,0.882,0.825,8.59,24.5,27,20.5,23,7,1  3/8 
C,C9X13.4,C9X13.4,F,13.4,3.94,9,9,2.43,2  3/8 ,0.233,  1/4 ,  1/8 ,0.413,  7/16,1,1,0.601,0.742,0.219,5.88,32.2,47.8,12.6,10.6,3.48,1.75,1.94,0.954,0.666,0.168,28.2,6.25,1.88,1.22,0.625,3.9,6.25,3.79,0.875,0.814,8.59,24.3,26.7,20.4,22.9,7,1  3/8 
C,C8X18.75,C8X18.75,F,18.75,5.51,8,8,2.53,2  1/2 ,0.487,  1/2 ,  1/4 ,0.39,  3/8 ,0.938, 15/16,0.565,0.431,0.344,6.49,13.5,43.9,13.9,11,2.82,1.97,2.17,1.01,0.598,0.434,25.1,6.13,1.93,1.59,0.788,3.03,6.93,3.05,0.894,0.8,7.61,22.6,25.1,18.5,21.1,6  1/8 ,1  1/2 
C,C8X13.75,C8X13.75,F,13.75,4.03,8,8,2.34,2  3/8 ,0.303,  5/16,  3/16,0.39,  3/8 ,0.938, 15/16,0.554,0.604,0.252,6,21.8,36.1,11,9.02,2.99,1.52,1.73,0.848,0.613,0.186,19.2,5.45,1.52,1.1,0.557,3.02,5.45,3.26,0.874,0.774,7.61,22.1,24.4,18.3,20.7,6  1/8 ,1  3/8 
C,C8X11.5,C8X11.5,F,11.5,3.37,8,8,2.26,2  1/4 ,0.22,  1/4 ,  1/8 ,0.39,  3/8 ,0.938, 15/16,0.572,0.697,0.211,5.79,30,32.5,9.63,8.14,3.11,1.31,1.57,0.775,0.623,0.13,16.5,5.11,1.34,0.855,0.43,3.03,4.79,3.41,0.862,0.756,7.61,21.9,24.1,18.3,20.5,6  1/8 ,1  3/8 
C,C7X14.75,C7X14.75,F,14.75,4.33,7,7,2.3,2  1/4 ,0.419,  7/16,  1/4 ,0.366,  3/8 ,0.875,  7/8 ,0.532,0.441,0.309,6.28,13.5,27.2,9.75,7.78,2.51,1.37,1.63,0.772,0.561,0.267,13.1,4.78,1.26,1,0.498,2.28,4.85,2.75,0.875,0.738,6.63,20,22.3,16.3,18.6,5  1/4 ,1  1/4 
C,C7X12.25,C7X12.25,F,12.25,3.59,7,7,2.19,2  1/4 ,0.314,  5/16,  3/16,0.366,  3/8 ,0.875,  7/8 ,0.525,0.538,0.257,5.98,18,24.2,8.46,6.92,2.59,1.16,1.42,0.696,0.568,0.161,11.2,4.44,1.09,0.793,0.406,2.28,4.2,2.86,0.862,0.722,6.63,19.7,21.9,16.2,18.4,5  1/4 ,1  1/4 
C,C7X9.8,C7X9.8,F,9.8,2.87,7,7,2.09,2  1/8 ,0.21,  3/16,  1/8 ,0.366,  3/8 ,0.875,  7/8 ,0.541,0.647,0.205,5.71,26.9,21.2,7.19,6.07,2.72,0.957,1.26,0.617,0.578,0.0996,9.15,4.09,0.922,0.58,0.289,2.28,3.57,3.02,0.845,0.698,6.63,19.4,21.5,16.1,18.2,5  1/4 ,1  1/4 
C,C6X13,C6X13,F,13,3.82,6,6,2.16,2  1/8 ,0.437,  7/16,  1/4 ,0.343,  5/16,0.813, 13/16,0.514,0.38,0.318,6.3,11,17.3,7.29,5.78,2.13,1.05,1.35,0.638,0.524,0.237,7.19,3.8,0.875,0.702,0.345,1.67,3.64,2.37,0.858,0.689,5.66,17.6,19.8,14.2,16.3,4  3/8 ,1  3/8 
C,C6X10.5,C6X10.5,F,10.5,3.07,6,6,2.03,2,0.314,  5/16,  3/16,0.343,  5/16,0.813, 13/16,0.5,0.486,0.256,5.92,15.3,15.1,6.18,5.04,2.22,0.86,1.14,0.561,0.529,0.128,5.91,3.48,0.734,0.534,0.275,1.66,3.08,2.48,0.842,0.669,5.66,17.3,19.3,14,16.1,4  3/8 ,1  1/8 
C,C6X8.2,C6X8.2,F,8.2,2.39,6,6,1.92,1  7/8 ,0.2,  3/16,  1/8 ,0.343,  5/16,0.813, 13/16,0.512,0.599,0.199,5.6,24.1,13.1,5.16,4.35,2.34,0.687,0.987,0.488,0.536,0.0736,4.7,3.17,0.61,0.373,0.187,1.67,2.57,2.65,0.824,0.643,5.66,17,18.9,13.9,15.8,4  3/8 ,1  1/8 
C,C5X9,C5X9,F,9,2.64,5,5,1.89,1  7/8 ,0.325,  5/16,  3/16,0.32,  5/16,0.75,  3/4 ,0.478,0.427,0.264,5.91,11.7,8.89,4.39,3.56,1.84,0.624,0.913,0.444,0.486,0.109,2.93,2.66,0.485,0.355,0.17,1.17,2.19,2.1,0.815,0.616,4.68,14.9,16.8,11.9,13.8,3  1/2 ,1  1/8 
C,C5X6.7,C5X6.7,F,6.7,1.97,5,5,1.75,1  3/4 ,0.19,  3/16,  1/8 ,0.32,  5/16,0.75,  3/4 ,0.484,0.552,0.215,5.47,20,7.48,3.55,2.99,1.95,0.47,0.757,0.372,0.489,0.0549,2.22,2.36,0.38,0.224,0.113,1.17,1.76,2.26,0.79,0.584,4.68,14.5,16.3,11.8,13.5,3  1/2 ,–
C,C4X7.25,C4X7.25,F,7.25,2.13,4,4,1.72,1  3/4 ,0.321,  5/16,  3/16,0.296,  5/16,0.75,  3/4 ,0.459,0.386,0.266,5.81,8.9,4.58,2.84,2.29,1.47,0.425,0.695,0.337,0.447,0.0817,1.24,1.88,0.281,0.199,0.101,0.767,1.41,1.75,0.767,0.563,3.7,12.4,14.2,9.72,11.4,2  1/2 ,1
C,C4X6.25,C4X6.25,F,6.25,1.84,4,4,1.65,1  5/8 ,0.247,  1/4 ,  1/8 ,0.296,  5/16,0.75,  3/4 ,0.453,0.447,0.233,5.57,11.5,4.19,2.55,2.1,1.51,0.374,0.623,0.312,0.451,0.0549,1.07,1.77,0.25,0.161,0.0807,0.769,1.26,1.81,0.753,0.549,3.7,11.7,13.3,9.65,11.3,2  1/2 ,–
C,C4X5.4,C4X5.4,F,5.4,1.58,4,4,1.58,1  5/8 ,0.184,  3/16,  1/8 ,0.296,  5/16,0.75,  3/4 ,0.457,0.501,0.231,5.34,15.5,3.85,2.29,1.92,1.56,0.312,0.565,0.277,0.444,0.0399,0.921,1.66,0.219,0.123,0.0637,0.765,1.13,1.88,0.742,0.528,3.7,12.1,13.6,9.58,11.2,2  1/2 ,–
C,C4X4.5,C4X4.5,F,4.5,1.34,4,4,1.52,1  1/2 ,0.125,  1/8 ,  1/16,0.296,  5/16,0.75,  3/4 ,0.473,0.556,0.305,5.14,22.8,3.53,2.05,1.77,1.62,0.265,0.495,0.253,0.445,0.0306,0.778,1.55,0.193,0.0883,0.0442,0.765,1.01,1.97,0.727,0.506,3.7,11.5,13,9.52,11,2  1/2 ,–
C,C3X6,C3X6,F,6,1.76,3,3,1.6,1  5/8 ,0.356,  3/8 ,  3/16,0.273,  1/4 ,0.688, 11/16,0.455,0.322,0.294,5.86,5.38,2.07,1.74,1.38,1.09,0.3,0.543,0.263,0.413,0.0725,0.462,1.26,0.158,0.112,0.0538,0.463,0.864,1.4,0.69,0.519,2.73,10.1,11.7,7.6,9.2,1  5/8 ,–
C,C3X5,C3X5,F,5,1.47,3,3,1.5,1  1/2 ,0.258,  1/4 ,  1/8 ,0.273,  1/4 ,0.688, 11/16,0.439,0.392,0.245,5.49,7.42,1.85,1.52,1.23,1.12,0.241,0.464,0.228,0.405,0.0425,0.379,1.16,0.135,0.084,0.0412,0.462,0.753,1.45,0.673,0.496,2.73,9.86,11.4,7.5,9,1  5/8 ,–
C,C3X4.1,C3X4.1,F,4.1,1.2,3,3,1.41,1  3/8 ,0.17,  3/16,  1/8 ,0.273,  1/4 ,0.688, 11/16,0.437,0.461,0.262,5.16,11.3,1.65,1.32,1.1,1.18,0.191,0.399,0.196,0.398,0.0269,0.307,1.06,0.113,0.0575,0.029,0.462,0.653,1.53,0.655,0.469,2.73,9.61,11,7.41,8.82,1  5/8 ,–
C,C3X3.5,C3X3.5,F,3.5,1.09,3,3,1.37,1  3/8 ,0.132,  1/8 ,  1/16,0.273,  1/4 ,0.688, 11/16,0.443,0.493,0.296,5.02,14.5,1.57,1.24,1.04,1.2,0.169,0.364,0.182,0.394,0.0226,0.276,1.02,0.103,0.0452,0.0235,0.461,0.609,1.57,0.646,0.456,2.73,9.5,10.9,7.37,8.74,1  5/8 ,–
MC,MC18X58,MC18X58,F,58,17.1,18,18,4.2,4  1/4 ,0.7, 11/16,  3/8 ,0.625,  5/8 ,1.44,1  7/16,0.862,0.695,0.474,6.72,22.1,675,95.4,75,6.29,17.6,10.7,5.28,1.02,2.81,1070,24.4,21.4,18.4,9.28,19,47.4,6.56,0.944,1.35,17.4,47,51.2,40.2,44.4,15  1/8 ,2  1/2 
MC,MC18X51.9,MC18X51.9,F,51.9,15.3,18,18,4.1,4  1/8 ,0.6,  5/8 ,  5/16,0.625,  5/8 ,1.44,1  7/16,0.858,0.797,0.424,6.56,25.8,627,87.3,69.6,6.41,16.3,9.86,5.02,1.03,2.03,985,23.5,19.9,16.6,8.31,19,43.3,6.7,0.939,1.35,17.4,46.7,50.8,40.1,44.2,15  1/8 ,2  1/2 
MC,MC18X45.8,MC18X45.8,F,45.8,13.5,18,18,4,4,0.5,  1/2 ,  1/4 ,0.625,  5/8 ,1.44,1  7/16,0.866,0.909,0.374,6.4,31,578,79.2,64.2,6.55,14.9,9.14,4.77,1.05,1.45,897,22.5,18.3,14.6,7.33,19,39.3,6.87,0.933,1.34,17.4,46.5,50.5,40,44,15  1/8 ,2  1/2 
MC,MC18X42.7,MC18X42.7,F,42.7,12.6,18,18,3.95,4,0.45,  7/16,  1/4 ,0.625,  5/8 ,1.44,1  7/16,0.877,0.969,0.349,6.32,34.4,554,75.1,61.5,6.64,14.3,8.82,4.64,1.07,1.23,852,22,17.4,13.5,6.83,19,37.2,6.97,0.93,1.34,17.4,46.3,50.3,40,43.9,15  1/8 ,2  1/2 
MC,MC13X50,MC13X50,F,50,14.7,13,13,4.41,4  3/8 ,0.787, 13/16,  7/16,0.61,  5/8 ,1.44,1  7/16,0.974,0.815,0.566,7.23,13.7,314,60.8,48.3,4.62,16.4,10.2,4.77,1.06,2.96,558,17.4,14.9,12.1,6.18,13.7,30.3,5.07,0.875,1.41,12.4,37.6,42,30.4,34.8,10  1/8 ,2  1/2 
MC,MC13X40,MC13X40,F,40,11.7,13,13,4.19,4  1/8 ,0.56,  9/16,  5/16,0.61,  5/8 ,1.44,1  7/16,0.963,1.03,0.452,6.87,19.3,273,51.2,41.9,4.82,13.7,8.66,4.24,1.08,1.55,462,16.1,12.8,9.54,4.56,13.7,25.5,5.32,0.859,1.38,12.4,37,41.1,30.2,34.4,10  1/8 ,2  1/2 
MC,MC13X35,MC13X35,F,35,10.3,13,13,4.07,4  1/8 ,0.447,  7/16,  1/4 ,0.61,  5/8 ,1.44,1  7/16,0.98,1.16,0.396,6.67,24.2,252,46.5,38.8,4.95,12.3,8.04,3.97,1.09,1.13,412,15.3,11.5,7.85,4.04,13.7,23.1,5.5,0.849,1.35,12.4,36.7,40.7,30.1,34.1,10  1/8 ,2  1/2 
MC,MC13X31.8,MC13X31.8,F,31.8,9.35,13,13,4,4,0.375,  3/8 ,  3/16,0.61,  5/8 ,1.44,1  7/16,1,1.24,0.36,6.56,28.9,239,43.4,36.7,5.05,11.4,7.69,3.79,1.1,0.937,380,14.8,10.8,6.9,3.39,13.7,21.6,5.64,0.842,1.34,12.4,36.5,40.5,30,34,10  1/8 ,2  1/2 
MC,MC12X50,MC12X50,F,50,14.7,12,12,4.14,4  1/8 ,0.835, 13/16,  7/16,0.7, 11/16,1.31,1  5/16,1.05,0.741,0.613,5.91,11.5,269,56.5,44.9,4.28,17.4,10.9,5.64,1.09,3.23,411,14.5,13,10.3,5.14,13.1,28.1,4.77,0.859,1.37,11.3,35,39.1,28.1,32.3,9  3/8 ,2  1/2 
MC,MC12X45,MC12X45,F,45,13.2,12,12,4.01,4,0.71, 11/16,  3/8 ,0.7, 11/16,1.31,1  5/16,1.04,0.844,0.55,5.73,13.5,251,52,41.9,4.36,15.8,10.1,5.3,1.09,2.33,373,13.9,11.9,9.09,4.5,13.1,25.8,4.88,0.851,1.35,11.3,34.6,38.6,28,32,9  3/8 ,2  1/2 
MC,MC12X40,MC12X40,F,40,11.8,12,12,3.89,3  7/8 ,0.59,  9/16,  5/16,0.7, 11/16,1.31,1  5/16,1.04,0.952,0.49,5.56,16.3,234,47.7,39,4.46,14.2,9.31,4.98,1.1,1.69,336,13.3,10.9,7.83,3.91,13.1,23.7,5.01,0.842,1.33,11.3,34.3,38.2,27.9,31.8,9  3/8 ,2  1/2 
MC,MC12X35,MC12X35,F,35,10.3,12,12,3.77,3  3/4 ,0.465,  7/16,  1/4 ,0.7, 11/16,1.31,1  5/16,1.05,1.07,0.428,5.39,20.6,216,43.2,36,4.59,12.6,8.62,4.64,1.11,1.24,297,12.6,9.88,6.52,3.15,13.1,21.4,5.18,0.831,1.3,11.3,34,37.7,27.8,31.5,9  3/8 ,2  1/2 
MC,MC12X31,MC12X31,F,31,9.12,12,12,3.67,3  5/8 ,0.37,  3/8 ,  3/16,0.7, 11/16,1.31,1  5/16,1.08,1.17,0.425,5.24,25.9,202,39.7,33.7,4.71,11.3,8.15,4.37,1.11,1,267,12,8.97,5.34,2.66,13.1,19.7,5.34,0.822,1.28,11.3,33.7,37.4,27.7,31.3,9  3/8 ,2  1/4 
MC,MC12X14.3,MC12X14.3,F,14.3,4.18,12,12,2.12,2  1/8 ,0.25,  1/4 ,  1/8 ,0.313,  5/16,0.75,  3/4 ,0.377,0.435,0.174,6.77,43.5,76.1,15.9,12.7,4.27,1,1.21,0.574,0.489,0.117,32.8,8.39,1.89,1.6,0.796,3.42,7.92,4.37,0.965,0.672,11.7,29,31.1,26.1,28.2,10  1/2 ,1  1/4 
MC,MC12X10.6,MC12X10.6,F,10.6,3.1,12,12,1.5,1  1/2 ,0.19,  3/16,  1/8 ,0.309,  5/16,0.75,  3/4 ,0.269,0.284,0.129,4.85,57.3,55.3,11.6,9.22,4.22,0.378,0.635,0.307,0.349,0.0596,11.7,6,0.951,0.822,0.41,2.37,5.79,4.27,0.983,0.478,11.7,27.8,29.3,25.5,27,10  1/2 ,–
MC,MC10X41.1,MC10X41.1,F,41.1,12.1,10,10,4.32,4  3/8 ,0.796, 13/16,  7/16,0.575,  9/16,1.31,1  5/16,1.09,0.864,0.604,7.51,9.66,157,39.3,31.5,3.61,15.7,9.49,4.85,1.14,2.26,269,12.5,9.59,7.43,3.74,9.55,19.5,4.26,0.79,1.44,9.43,31.4,35.7,24.3,28.6,7  3/8 ,2  1/2 
MC,MC10X33.6,MC10X33.6,F,33.6,9.87,10,10,4.1,4  1/8 ,0.575,  9/16,  5/16,0.575,  9/16,1.31,1  5/16,1.09,1.06,0.494,7.13,13.4,139,33.7,27.8,3.75,13.1,8.28,4.35,1.15,1.2,224,11.6,8.24,5.78,2.83,9.55,16.7,4.47,0.77,1.4,9.43,30.8,34.9,24.1,28.2,7  3/8 ,2  1/2 
MC,MC10X28.5,MC10X28.5,F,28.5,8.37,10,10,3.95,4,0.425,  7/16,  1/4 ,0.575,  9/16,1.31,1  5/16,1.12,1.21,0.419,6.87,18.1,126,30,25.3,3.89,11.3,7.59,3.99,1.16,0.791,193,10.9,7.26,4.52,2.2,9.55,14.9,4.68,0.752,1.36,9.43,30.4,34.3,24,27.9,7  3/8 ,2  1/2 
MC,MC10X25,MC10X25,F,25,7.34,10,10,3.41,3  3/8 ,0.38,  3/8 ,  3/16,0.575,  9/16,1.31,1  5/16,0.953,1.03,0.367,5.93,20.2,110,26.2,22,3.87,7.25,5.65,2.96,0.993,0.638,124,9.43,5.42,3.4,1.75,8.21,13,4.46,0.803,1.17,9.43,28.9,32.3,23.4,26.8,7  3/8 ,2
MC,MC10X22,MC10X22,F,22,6.45,10,10,3.32,3  3/8 ,0.29,  5/16,  3/16,0.575,  9/16,1.31,1  5/16,0.99,1.12,0.467,5.77,26.5,102,23.9,20.5,3.99,6.4,5.29,2.75,0.997,0.51,110,9,4.95,2.78,1.3,8.21,11.8,4.62,0.791,1.14,9.43,28.7,32,23.3,26.6,7  3/8 ,2
MC,MC10X8.4,MC10X8.4,F,8.4,2.46,10,10,1.5,1  1/2 ,0.17,  3/16,  1/8 ,0.28,  1/4 ,0.75,  3/4 ,0.284,0.332,0.123,5.36,52.6,31.9,7.92,6.39,3.61,0.326,0.548,0.268,0.364,0.0413,7,4.85,0.678,0.559,0.278,1.81,3.93,3.68,0.972,0.486,9.72,23.8,25.3,21.5,23,8  1/2 ,–
MC,MC10X6.5,MC10X6.5,F,6.5,1.95,10,10,1.17,1  1/8 ,0.152,  1/8 ,  1/16,0.202,  3/16,0.563,  9/16,0.194,0.182,0.0975,5.79,59.8,22.9,5.9,4.59,3.43,0.133,0.284,0.137,0.262,0.0191,2.76,4.1,0.346,0.313,0.158,1.01,2.91,3.46,0.988,0.363,9.8,22.6,23.8,21.2,22.3,8  7/8 ,–
MC,MC9X25.4,MC9X25.4,F,25.4,7.47,9,9,3.5,3  1/2 ,0.45,  7/16,  1/4 ,0.55,  9/16,1.25,1  1/4 ,0.97,0.986,0.415,6.36,15.1,87.9,23.5,19.5,3.43,7.57,5.7,2.99,1.01,0.691,104,8.72,4.95,3.25,1.61,7.09,11.6,4.08,0.77,1.2,8.45,27.2,30.7,21.5,25,6  1/2 ,2
MC,MC9X23.9,MC9X23.9,F,23.9,7.02,9,9,3.45,3  1/2 ,0.4,  3/8 ,  3/16,0.55,  9/16,1.25,1  1/4 ,0.981,1.04,0.39,6.27,17,84.9,22.5,18.9,3.48,7.14,5.51,2.89,1.01,0.599,98,8.49,4.69,2.91,1.52,7.09,11.1,4.15,0.763,1.18,8.45,27,30.5,21.5,24.9,6  1/2 ,2
MC,MC8X22.8,MC8X22.8,F,22.8,6.7,8,8,3.5,3  1/2 ,0.427,  7/16,  1/4 ,0.525,  1/2 ,1.19,1  3/16,1.01,1.04,0.419,6.67,13.8,63.8,19.1,15.9,3.09,7.01,5.37,2.81,1.02,0.572,75.2,7.6,4.06,2.52,1.22,6.03,9.45,3.84,0.715,1.2,7.48,25.2,28.7,19.5,23,5  5/8 ,2
MC,MC8X21.4,MC8X21.4,F,21.4,6.28,8,8,3.45,3  1/2 ,0.375,  3/8 ,  3/16,0.525,  1/2 ,1.19,1  3/16,1.02,1.09,0.452,6.57,15.7,61.5,18.2,15.4,3.13,6.58,5.18,2.71,1.02,0.495,70.8,7.42,3.87,2.27,1.08,6.03,9.03,3.91,0.707,1.18,7.48,25.1,28.5,19.5,22.9,5  5/8 ,2
MC,MC8X20,MC8X20,F,20,5.87,8,8,3.03,3,0.4,  3/8 ,  3/16,0.5,  1/2 ,1.13,1  1/8 ,0.84,0.843,0.367,6.06,15,54.4,16.4,13.6,3.04,4.42,3.86,2.02,0.867,0.441,47.8,6.7,2.99,1.97,0.963,4.93,8.13,3.58,0.779,1.03,7.5,23.9,27,19,22.1,5  3/4 ,2
MC,MC8X18.7,MC8X18.7,F,18.7,5.5,8,8,2.98,3,0.353,  3/8 ,  3/16,0.5,  1/2 ,1.13,1  1/8 ,0.849,0.889,0.344,5.96,17,52.4,15.6,13.1,3.09,4.15,3.72,1.95,0.868,0.38,45,6.52,2.83,1.77,0.875,4.93,7.75,3.65,0.773,1.02,7.5,23.8,26.8,19,22,5  3/4 ,2
MC,MC8X8.5,MC8X8.5,F,8.5,2.5,8,8,1.87,1  7/8 ,0.179,  3/16,  1/8 ,0.311,  5/16,0.813, 13/16,0.428,0.542,0.156,6.01,38.4,23.3,6.95,5.82,3.05,0.624,0.875,0.431,0.5,0.0587,8.21,4.42,0.789,0.551,0.285,2.02,3.45,3.24,0.91,0.624,7.69,20.8,22.7,17.9,19.7,6  3/8 ,1  1/8 
MC,MC7X22.7,MC7X22.7,F,22.7,6.67,7,7,3.6,3  5/8 ,0.503,  1/2 ,  1/4 ,0.5,  1/2 ,1.13,1  1/8 ,1.04,1.01,0.477,7.2,9.94,47.4,16.4,13.5,2.67,7.24,5.38,2.83,1.04,0.625,58.3,6.78,3.54,2.25,1.1,5.03,8.11,3.53,0.659,1.23,6.5,23.5,27.1,17.6,21.2,4  3/4 ,2
MC,MC7X19.1,MC7X19.1,F,19.1,5.61,7,7,3.45,3  1/2 ,0.352,  3/8 ,  3/16,0.5,  1/2 ,1.13,1  1/8 ,1.08,1.15,0.579,6.9,14.2,43.1,14.5,12.3,2.77,6.06,4.85,2.55,1.04,0.407,49.3,6.33,3.08,1.65,0.815,5.03,7.19,3.7,0.638,1.19,6.5,23.1,26.5,17.5,20.9,4  3/4 ,2
MC,MC6X18,MC6X18,F,18,5.29,6,6,3.5,3  1/2 ,0.379,  3/8 ,  3/16,0.475,  1/2 ,1.06,1  1/16,1.12,1.17,0.644,7.37,10.8,29.7,11.7,9.89,2.37,5.88,4.68,2.47,1.05,0.379,34.6,5.39,2.5,1.28,0.682,4.1,5.8,3.46,0.563,1.2,5.53,21.2,24.7,15.5,19,3  7/8 ,2
MC,MC6X15.3,MC6X15.3,F,15.3,4.49,6,6,3.5,3  1/2 ,0.34,  5/16,  3/16,0.385,  3/8 ,0.875,  7/8 ,1.05,1.16,0.511,9.09,13.1,25.3,9.91,8.44,2.38,4.91,3.85,2.01,1.05,0.223,30,5.62,2.16,1.21,0.575,3.42,4.95,3.41,0.579,1.2,5.62,21.3,24.8,15.5,19,4  1/4 ,2
MC,MC6X16.3,MC6X16.3,F,16.3,4.79,6,6,3,3,0.375,  3/8 ,  3/16,0.475,  1/2 ,1.06,1  1/16,0.927,0.93,0.465,6.32,10.9,26,10.4,8.66,2.33,3.77,3.47,1.82,0.887,0.336,22.1,4.68,1.88,1.06,0.536,3.44,5.13,3.11,0.643,1.03,5.53,19.9,22.9,15,18,3  7/8 ,1  3/4 
MC,MC6X15.1,MC6X15.1,F,15.1,4.44,6,6,2.94,3,0.316,  5/16,  3/16,0.475,  1/2 ,1.06,1  1/16,0.94,0.982,0.543,6.19,12.9,24.9,9.83,8.3,2.37,3.46,3.3,1.73,0.883,0.285,20.5,4.54,1.77,0.915,0.457,3.44,4.87,3.18,0.634,1.01,5.53,19.7,22.6,14.9,17.9,3  7/8 ,1  3/4 
MC,MC6X12,MC6X12,F,12,3.53,6,6,2.5,2  1/2 ,0.31,  5/16,  3/16,0.375,  3/8 ,0.875,  7/8 ,0.704,0.725,0.294,6.67,14.5,18.7,7.47,6.24,2.3,1.85,1.97,1.03,0.724,0.155,11.3,4.12,1.13,0.723,0.354,2.31,3.7,2.8,0.74,0.856,5.63,18.6,21.1,14.5,17,4  1/4 ,1  1/2 
MC,MC6X7,MC6X7,F,7,2.09,6,6,1.88,1  7/8 ,0.179,  3/16,  1/8 ,0.291,  5/16,0.75,  3/4 ,0.501,0.583,0.174,6.46,26,11.4,4.5,3.81,2.34,0.603,0.865,0.439,0.537,0.0464,4,3.19,0.519,0.331,0.16,1.41,2.22,2.63,0.83,0.638,5.71,16.3,18.2,13.9,15.8,4  1/2 ,–
MC,MC6X6.5,MC6X6.5,F,6.5,1.95,6,6,1.85,1  7/8 ,0.155,  1/8 ,  1/16,0.291,  5/16,0.75,  3/4 ,0.513,0.612,0.191,6.36,30.1,11,4.28,3.66,2.38,0.565,0.836,0.422,0.539,0.0412,3.75,3.09,0.487,0.29,0.146,1.41,2.11,2.68,0.824,0.631,5.71,16.3,18.1,13.9,15.7,4  1/2 ,–
MC,MC4X13.8,MC4X13.8,F,13.8,4.03,4,4,2.5,2  1/2 ,0.5,  1/2 ,  1/4 ,0.5,  1/2 ,1,1,0.849,0.643,0.508,5,4.48,8.85,5.53,4.43,1.48,2.13,2.4,1.29,0.727,0.373,4.84,2.37,0.806,0.457,0.227,1.75,2.75,2.23,0.55,0.851,3.5,13.3,15.8,10.5,13,2,–
MC,MC3X7.1,MC3X7.1,F,7.1,2.11,3,3,1.94,2,0.312,  5/16,  3/16,0.351,  3/8 ,0.813, 13/16,0.653,0.574,0.414,5.53,4.93,2.72,2.24,1.81,1.14,0.666,0.998,0.518,0.562,0.0928,0.915,1.4,0.258,0.134,0.0659,0.757,1.11,1.76,0.516,0.657,2.65,10.2,12.2,7.94,9.88,1  3/8 ,–
