Size,OD,ID,t,A,W,I,S,Z,r,J,Rblt
HSS 1.5 x 0.062,1.500,1.376,0.062,0.280,0.329,0.0725,0.097,0.128,0.509,0.145,11.6
HSS 1.5 x 0.094,1.500,1.312,0.094,0.415,0.488,0.103,0.137,0.186,0.498,0.205,7.5
HSS 1.5 x 0.125,1.500,1.250,0.125,0.540,0.635,0.129,0.172,0.237,0.488,0.255,5.5
HSS 1.5 x 0.156,1.500,1.188,0.156,0.659,0.775,0.151,0.201,0.283,0.478,0.297,4.3
HSS 1.5 x 0.188,1.500,1.124,0.188,0.775,0.911,0.170,0.227,0.326,0.469,0.333,3.5
HSS 1.5 x 0.25,1.500,1.000,0.250,0.982,1.15,0.199,0.266,0.396,0.451,0.383,2.5
HSS 1.5 x 0.375,1.500,0.750,0.375,1.33,1.56,0.233,0.311,0.492,0.419,0.419,1.5
HSS 1.625 x 0.125,1.625,1.375,0.125,0.589,0.693,0.167,0.205,0.282,0.532,0.331,6.0
HSS 1.625 x 0.188,1.625,1.249,0.188,0.849,0.998,0.223,0.274,0.390,0.512,0.438,3.8
HSS 1.625 x 0.25,1.625,1.125,0.250,1.08,1.27,0.264,0.324,0.478,0.494,0.510,2.8
HSS 1.75 x 0.125,1.750,1.500,0.125,0.638,0.750,0.212,0.242,0.331,0.576,0.421,6.5
HSS 1.75 x 0.188,1.750,1.374,0.188,0.923,1.08,0.285,0.326,0.461,0.556,0.563,4.2
HSS 1.75 x 0.25,1.750,1.250,0.250,1.18,1.39,0.341,0.389,0.568,0.538,0.663,3.0
HSS 1.75 x 0.375,1.750,1.000,0.375,1.62,1.90,0.411,0.470,0.727,0.504,0.766,1.8
HSS 1.875 x 0.125,1.875,1.625,0.125,0.687,0.808,0.264,0.282,0.383,0.620,0.526,7.0
HSS 1.875 x 0.188,1.875,1.499,0.188,0.996,1.17,0.359,0.383,0.537,0.600,0.709,4.5
HSS 1.875 x 0.25,1.875,1.375,0.250,1.28,1.50,0.431,0.460,0.665,0.581,0.843,3.3
HSS 1.875 x 0.375,1.875,1.125,0.375,1.77,2.08,0.528,0.563,0.861,0.547,0.994,2.0
HSS 2 x 0.125,2.000,1.750,0.125,0.736,0.866,0.325,0.325,0.440,0.664,0.647,7.5
HSS 2 x 0.188,2.000,1.624,0.188,1.07,1.26,0.444,0.444,0.619,0.644,0.878,4.8
HSS 2 x 0.25,2.000,1.500,0.250,1.37,1.62,0.537,0.537,0.771,0.625,1.05,3.5
HSS 2 x 0.312,2.000,1.376,0.312,1.65,1.95,0.609,0.609,0.899,0.607,1.18,2.7
HSS 2 x 0.375,2.000,1.250,0.375,1.91,2.25,0.666,0.666,1.01,0.590,1.26,2.2
HSS 2 x 0.5,2.000,1.000,0.500,2.36,2.77,0.736,0.736,1.17,0.559,1.33,1.5
HSS 2.25 x 0.125,2.250,2.000,0.125,0.834,0.981,0.473,0.420,0.565,0.753,0.942,8.5
HSS 2.25 x 0.188,2.250,1.874,0.188,1.22,1.43,0.653,0.580,0.802,0.732,1.29,5.5
HSS 2.25 x 0.25,2.250,1.750,0.250,1.57,1.85,0.798,0.709,1.01,0.713,1.57,4.0
HSS 2.25 x 0.312,2.250,1.626,0.312,1.90,2.23,0.915,0.813,1.18,0.694,1.78,3.1
HSS 2.25 x 0.375,2.250,1.500,0.375,2.21,2.60,1.01,0.897,1.34,0.676,1.94,2.5
HSS 2.25 x 0.5,2.250,1.250,0.500,2.75,3.23,1.14,1.01,1.57,0.643,2.10,1.8
HSS 2.375 x 0.188,2.375,1.999,0.188,1.29,1.52,0.778,0.655,0.901,0.776,1.54,5.8
HSS 2.375 x 0.25,2.375,1.875,0.250,1.67,1.96,0.955,0.804,1.13,0.756,1.88,4.3
HSS 2.375 x 0.375,2.375,1.625,0.375,2.36,2.77,1.22,1.03,1.52,0.719,2.36,2.7
HSS 2.375 x 0.5,2.375,1.375,0.500,2.95,3.46,1.39,1.17,1.80,0.686,2.59,1.9
HSS 2.5 x 0.125,2.500,2.250,0.125,0.933,1.10,0.659,0.528,0.706,0.841,1.32,9.5
HSS 2.5 x 0.188,2.500,2.124,0.188,1.37,1.61,0.918,0.735,1.01,0.820,1.82,6.1
HSS 2.5 x 0.25,2.500,2.000,0.250,1.77,2.08,1.13,0.906,1.27,0.800,2.24,4.5
HSS 2.5 x 0.312,2.500,1.876,0.312,2.14,2.52,1.31,1.05,1.50,0.781,2.57,3.5
HSS 2.5 x 0.375,2.500,1.750,0.375,2.50,2.94,1.46,1.17,1.71,0.763,2.83,2.8
HSS 2.5 x 0.5,2.500,1.500,0.500,3.14,3.69,1.67,1.34,2.04,0.729,3.14,2.0
HSS 2.5 x 0.625,2.500,1.250,0.625,3.68,4.33,1.80,1.44,2.28,0.699,3.24,1.5
HSS 2.5 x 0.75,2.500,1.000,0.750,4.12,4.85,1.87,1.49,2.44,0.673,3.16,1.2
HSS 2.625 x 0.25,2.625,2.125,0.250,1.87,2.19,1.33,1.01,1.42,0.844,2.63,4.8
HSS 2.75 x 0.125,2.750,2.500,0.125,1.03,1.21,0.890,0.647,0.862,0.929,1.78,10.5
HSS 2.75 x 0.188,2.750,2.374,0.188,1.51,1.78,1.25,0.908,1.24,0.908,2.48,6.8
HSS 2.75 x 0.25,2.750,2.250,0.250,1.96,2.31,1.55,1.13,1.57,0.888,3.07,5.0
HSS 2.75 x 0.312,2.750,2.126,0.312,2.39,2.81,1.80,1.31,1.86,0.869,3.55,3.9
HSS 2.75 x 0.375,2.750,2.000,0.375,2.80,3.29,2.02,1.47,2.13,0.850,3.95,3.2
HSS 2.75 x 0.5,2.750,1.750,0.500,3.53,4.16,2.35,1.71,2.57,0.815,4.47,2.3
HSS 2.75 x 0.625,2.750,1.500,0.625,4.17,4.91,2.56,1.86,2.90,0.783,4.71,1.7
HSS 2.75 x 0.75,2.750,1.250,0.750,4.71,5.54,2.69,1.95,3.14,0.755,4.71,1.3
HSS 2.875 x 0.25,2.875,2.375,0.250,2.06,2.42,1.79,1.25,1.73,0.932,3.55,5.3
HSS 2.875 x 0.5,2.875,1.875,0.500,3.73,4.39,2.75,1.91,2.86,0.858,5.26,2.4
HSS 3 x 0.125,3.000,2.750,0.125,1.13,1.33,1.17,0.779,1.03,1.02,2.33,11.5
HSS 3 x 0.188,3.000,2.624,0.188,1.66,1.95,1.65,1.10,1.49,0.996,3.28,7.5
HSS 3 x 0.25,3.000,2.500,0.250,2.16,2.54,2.06,1.37,1.90,0.976,4.08,5.5
HSS 3 x 0.375,3.000,2.250,0.375,3.09,3.64,2.72,1.81,2.60,0.938,5.33,3.5
HSS 3 x 0.5,3.000,2.000,0.500,3.93,4.62,3.19,2.13,3.17,0.901,6.14,2.5
HSS 3 x 0.625,3.000,1.750,0.625,4.66,5.48,3.52,2.34,3.61,0.868,6.58,1.9
HSS 3 x 0.75,3.000,1.500,0.750,5.30,6.23,3.73,2.49,3.94,0.839,6.71,1.5
HSS 3 x 1,3.000,1.000,1.000,6.28,7.39,3.93,2.62,4.33,0.791,6.28,1.0
HSS 3.25 x 0.25,3.250,2.750,0.250,2.36,2.77,2.67,1.64,2.26,1.06,5.30,6.0
HSS 3.25 x 0.375,3.250,2.500,0.375,3.39,3.98,3.56,2.19,3.12,1.03,7.00,3.8
HSS 3.25 x 0.5,3.250,2.250,0.500,4.32,5.08,4.22,2.60,3.82,0.988,8.17,2.8
HSS 3.5 x 0.125,3.500,3.250,0.125,1.33,1.56,1.89,1.08,1.42,1.19,3.77,13.5
HSS 3.5 x 0.188,3.500,3.124,0.188,1.96,2.30,2.69,1.54,2.06,1.17,5.36,8.8
HSS 3.5 x 0.25,3.500,3.000,0.250,2.55,3.00,3.39,1.94,2.65,1.15,6.74,6.5
HSS 3.5 x 0.312,3.500,2.876,0.312,3.12,3.67,4.01,2.29,3.18,1.13,7.94,5.1
HSS 3.5 x 0.375,3.500,2.750,0.375,3.68,4.33,4.56,2.61,3.68,1.11,8.99,4.2
HSS 3.5 x 0.5,3.500,2.500,0.500,4.71,5.54,5.45,3.11,4.54,1.08,10.6,3.0
HSS 3.5 x 0.75,3.500,2.000,0.750,6.48,7.62,6.58,3.76,5.81,1.01,12.3,1.8
HSS 3.75 x 0.125,3.750,3.500,0.125,1.42,1.67,2.34,1.25,1.64,1.28,4.68,14.5
HSS 3.75 x 0.188,3.750,3.374,0.188,2.10,2.47,3.35,1.78,2.39,1.26,6.67,9.5
HSS 3.75 x 0.25,3.750,3.250,0.250,2.75,3.23,4.23,2.26,3.07,1.24,8.42,7.0
HSS 3.75 x 0.375,3.750,3.000,0.375,3.98,4.68,5.73,3.06,4.29,1.20,11.3,4.5
HSS 3.75 x 0.5,3.750,2.750,0.500,5.11,6.00,6.90,3.68,5.32,1.16,13.5,3.3
HSS 4 x 0.125,4.000,3.750,0.125,1.52,1.79,2.86,1.43,1.88,1.37,5.71,15.5
HSS 4 x 0.188,4.000,3.624,0.188,2.25,2.65,4.10,2.05,2.73,1.35,8.18,10.1
HSS 4 x 0.25,4.000,3.500,0.250,2.95,3.46,5.20,2.60,3.52,1.33,10.4,7.5
HSS 4 x 0.312,4.000,3.376,0.312,3.61,4.25,6.19,3.09,4.25,1.31,12.3,5.9
HSS 4 x 0.375,4.000,3.250,0.375,4.27,5.02,7.09,3.54,4.95,1.29,14.0,4.8
HSS 4 x 0.5,4.000,3.000,0.500,5.50,6.47,8.59,4.30,6.17,1.25,16.8,3.5
HSS 4 x 0.625,4.000,2.750,0.625,6.63,7.79,9.76,4.88,7.20,1.21,18.9,2.7
HSS 4 x 0.75,4.000,2.500,0.750,7.66,9.01,10.6,5.32,8.06,1.18,20.2,2.2
HSS 4.25 x 0.125,4.250,4.000,0.125,1.62,1.90,3.45,1.62,2.13,1.46,6.89,16.5
HSS 4.25 x 0.25,4.250,3.750,0.250,3.14,3.69,6.31,2.97,4.01,1.42,12.6,8.0
HSS 4.25 x 0.375,4.250,3.500,0.375,4.57,5.37,8.65,4.07,5.65,1.38,17.1,5.2
HSS 4.25 x 0.5,4.250,3.250,0.500,5.89,6.93,10.5,4.96,7.07,1.34,20.7,3.8
HSS 4.5 x 0.125,4.500,4.250,0.125,1.72,2.02,4.11,1.83,2.39,1.55,8.22,17.5
HSS 4.5 x 0.188,4.500,4.124,0.188,2.55,2.99,5.93,2.64,3.50,1.53,11.8,11.5
HSS 4.5 x 0.25,4.500,4.000,0.250,3.34,3.93,7.56,3.36,4.52,1.51,15.1,8.5
HSS 4.5 x 0.312,4.500,3.876,0.312,4.10,4.83,9.05,4.02,5.48,1.48,18.0,6.7
HSS 4.5 x 0.375,4.500,3.750,0.375,4.86,5.71,10.4,4.63,6.40,1.46,20.7,5.5
HSS 4.5 x 0.5,4.500,3.500,0.500,6.28,7.39,12.8,5.67,8.04,1.43,25.1,4.0
HSS 4.5 x 0.625,4.500,3.250,0.625,7.61,8.95,14.7,6.51,9.47,1.39,28.6,3.1
HSS 4.5 x 0.75,4.500,3.000,0.750,8.84,10.4,16.2,7.18,10.7,1.35,31.1,2.5
HSS 4.5 x 1,4.500,2.500,1.000,11.0,12.9,18.2,8.09,12.6,1.29,33.7,1.8
HSS 4.75 x 0.125,4.750,4.500,0.125,1.82,2.14,4.86,2.05,2.67,1.64,9.71,18.5
HSS 4.75 x 0.188,4.750,4.374,0.188,2.69,3.17,7.02,2.96,3.91,1.61,14.0,12.1
HSS 4.75 x 0.25,4.750,4.250,0.250,3.53,4.16,8.97,3.78,5.07,1.59,17.9,9.0
HSS 4.75 x 0.375,4.750,4.000,0.375,5.15,6.06,12.4,5.23,7.20,1.55,24.7,5.8
HSS 4.75 x 0.5,4.750,3.750,0.500,6.68,7.85,15.3,6.43,9.07,1.51,30.1,4.3
HSS 5 x 0.125,5.000,4.750,0.125,1.91,2.25,5.69,2.28,2.97,1.72,11.4,19.5
HSS 5 x 0.188,5.000,4.624,0.188,2.84,3.34,8.24,3.30,4.36,1.70,16.5,12.8
HSS 5 x 0.25,5.000,4.500,0.250,3.73,4.39,10.6,4.22,5.65,1.68,21.0,9.5
HSS 5 x 0.312,5.000,4.376,0.312,4.60,5.40,12.7,5.07,6.87,1.66,25.2,7.5
HSS 5 x 0.375,5.000,4.250,0.375,5.45,6.41,14.7,5.87,8.04,1.64,29.1,6.2
HSS 5 x 0.5,5.000,4.000,0.500,7.07,8.31,18.1,7.25,10.2,1.60,35.8,4.5
HSS 5 x 0.625,5.000,3.750,0.625,8.59,10.1,21.0,8.39,12.0,1.56,41.1,3.5
HSS 5 x 0.75,5.000,3.500,0.750,10.0,11.8,23.3,9.33,13.7,1.53,45.2,2.8
HSS 5 x 1,5.000,3.000,1.000,12.6,14.8,26.7,10.7,16.3,1.46,50.3,2.0
HSS 5.5 x 0.125,5.500,5.250,0.125,2.11,2.48,7.63,2.77,3.61,1.90,15.2,21.5
HSS 5.5 x 0.188,5.500,5.124,0.188,3.14,3.69,11.1,4.03,5.31,1.88,22.1,14.1
HSS 5.5 x 0.25,5.500,5.000,0.250,4.12,4.85,14.2,5.18,6.90,1.86,28.4,10.5
HSS 5.5 x 0.375,5.500,4.750,0.375,6.04,7.10,19.9,7.25,9.87,1.82,39.6,6.8
HSS 5.5 x 0.5,5.500,4.500,0.500,7.85,9.24,24.8,9.01,12.5,1.78,49.1,5.0
HSS 5.5 x 0.75,5.500,4.000,0.750,11.2,13.2,32.4,11.8,17.1,1.70,63.1,3.2
HSS 5.5 x 1,5.500,3.500,1.000,14.1,16.6,37.6,13.7,20.6,1.63,71.6,2.3
HSS 6 x 0.125,6.000,5.750,0.125,2.31,2.71,9.96,3.32,4.32,2.08,19.9,23.5
HSS 6 x 0.188,6.000,5.624,0.188,3.43,4.04,14.5,4.84,6.35,2.06,29.0,15.5
HSS 6 x 0.25,6.000,5.500,0.250,4.52,5.31,18.7,6.23,8.27,2.03,37.3,11.5
HSS 6 x 0.312,6.000,5.376,0.312,5.58,6.56,22.6,7.54,10.1,2.01,45.1,9.1
HSS 6 x 0.375,6.000,5.250,0.375,6.63,7.79,26.3,8.78,11.9,1.99,52.4,7.5
HSS 6 x 0.5,6.000,5.000,0.500,8.64,10.2,32.9,11.0,15.2,1.95,65.3,5.5
HSS 6 x 0.625,6.000,4.750,0.625,10.6,12.4,38.6,12.9,18.1,1.91,76.2,4.3
HSS 6 x 0.75,6.000,4.500,0.750,12.4,14.5,43.5,14.5,20.8,1.88,85.2,3.5
HSS 6 x 1,6.000,4.000,1.000,15.7,18.5,51.1,17.0,25.3,1.80,98.2,2.5
HSS 6.5 x 0.25,6.500,6.000,0.250,4.91,5.77,24.0,7.39,9.77,2.21,47.9,12.5
HSS 6.5 x 0.375,6.500,5.750,0.375,7.22,8.49,34.0,10.5,14.1,2.17,67.7,8.2
HSS 6.5 x 0.5,6.500,5.500,0.500,9.42,11.1,42.7,13.1,18.0,2.13,84.8,6.0
HSS 6.5 x 0.75,6.500,5.000,0.750,13.5,15.9,56.9,17.5,24.9,2.05,112,3.8
HSS 6.75 x 0.5,6.750,5.750,0.500,9.82,11.5,48.2,14.3,19.6,2.22,95.9,6.3
HSS 6.75 x 0.75,6.750,5.250,0.750,14.1,16.6,64.6,19.1,27.1,2.14,127,4.0
HSS 7 x 0.25,7.000,6.500,0.250,5.30,6.23,30.2,8.64,11.4,2.39,60.4,13.5
HSS 7 x 0.375,7.000,6.250,0.375,7.80,9.18,43.0,12.3,16.5,2.35,85.6,8.8
HSS 7 x 0.5,7.000,6.000,0.500,10.2,12.0,54.2,15.5,21.2,2.30,108,6.5
HSS 7 x 0.75,7.000,5.500,0.750,14.7,17.3,72.9,20.8,29.4,2.23,144,4.2
HSS 7 x 1,7.000,5.000,1.000,18.8,22.2,87.2,24.9,36.3,2.15,170,3.0
HSS 7.5 x 0.25,7.500,7.000,0.250,5.69,6.70,37.5,9.99,13.1,2.56,74.8,14.5
HSS 7.5 x 0.375,7.500,6.750,0.375,8.39,9.87,53.4,14.2,19.1,2.52,107,9.5
HSS 7.5 x 0.5,7.500,6.500,0.500,11.0,12.9,67.7,18.1,24.5,2.48,135,7.0
HSS 8 x 0.125,8.000,7.750,0.125,3.09,3.64,24.0,5.99,7.75,2.78,47.9,31.5
HSS 8 x 0.25,8.000,7.500,0.250,6.09,7.16,45.7,11.4,15.0,2.74,91.4,15.5
HSS 8 x 0.375,8.000,7.250,0.375,8.98,10.6,65.4,16.4,21.8,2.70,131,10.2
HSS 8 x 0.5,8.000,7.000,0.500,11.8,13.9,83.2,20.8,28.2,2.66,166,7.5
HSS 8 x 0.625,8.000,6.750,0.625,14.5,17.0,99.2,24.8,34.1,2.62,197,5.9
HSS 8 x 0.75,8.000,6.500,0.750,17.1,20.1,113,28.4,39.6,2.58,224,4.8
HSS 8 x 1,8.000,6.000,1.000,22.0,25.9,137,34.4,49.3,2.50,269,3.5
HSS 8.5 x 0.25,8.500,8.000,0.250,6.48,7.62,55.2,13.0,17.0,2.92,110,16.5
HSS 9 x 0.25,9.000,8.500,0.250,6.87,8.08,65.8,14.6,19.1,3.09,132,17.5
HSS 9 x 0.375,9.000,8.250,0.375,10.2,11.9,94.7,21.0,27.9,3.05,189,11.5
HSS 9 x 0.5,9.000,8.000,0.500,13.4,15.7,121,26.9,36.2,3.01,241,8.5
HSS 10 x 0.25,10.000,9.500,0.250,7.66,9.01,91.1,18.2,23.8,3.45,182,19.5
HSS 10 x 0.375,10.000,9.250,0.375,11.3,13.3,132,26.3,34.8,3.41,263,12.8
HSS 10 x 0.5,10.000,9.000,0.500,14.9,17.5,169,33.8,45.2,3.36,337,9.5
HSS 10 x 0.625,10.000,8.750,0.625,18.4,21.6,203,40.6,55.0,3.32,404,7.5
HSS 10 x 0.75,10.000,8.500,0.750,21.8,25.6,235,46.9,64.3,3.28,466,6.2
HSS 10 x 1,10.000,8.000,1.000,28.3,33.3,290,58.0,81.3,3.20,573,4.5
HSS 10.5 x 0.25,10.500,10.000,0.250,8.05,9.47,106,20.1,26.3,3.63,211,20.5
HSS 10.5 x 0.375,10.500,9.750,0.375,11.9,14.0,153,29.2,38.5,3.58,306,13.5
HSS 10.5 x 0.5,10.500,9.500,0.500,15.7,18.5,197,37.5,50.0,3.54,393,10.0
HSS 10.5 x 0.75,10.500,9.000,0.750,23.0,27.0,275,52.3,71.4,3.46,546,6.5
HSS 11 x 0.375,11.000,10.250,0.375,12.5,14.7,177,32.2,42.4,3.76,353,14.2
HSS 11 x 0.5,11.000,10.000,0.500,16.5,19.4,228,41.4,55.2,3.72,455,10.5
HSS 11 x 0.75,11.000,9.500,0.750,24.2,28.4,319,58.0,78.9,3.63,634,6.8
HSS 11 x 1,11.000,9.000,1.000,31.4,36.9,397,72.1,100,3.55,785,5.0
HSS 12 x 0.25,12.000,11.500,0.250,9.23,10.9,159,26.6,34.5,4.16,319,23.5
HSS 12 x 0.375,12.000,11.250,0.375,13.7,16.1,232,38.6,50.7,4.11,463,15.5
HSS 12 x 0.5,12.000,11.000,0.500,18.1,21.2,299,49.9,66.2,4.07,597,11.5
HSS 12 x 0.75,12.000,10.500,0.750,26.5,31.2,421,70.2,95.1,3.99,839,7.5
HSS 12 x 1,12.000,10.000,1.000,34.6,40.6,527,87.8,121,3.91,1045,5.5
PIPE 1/8 Sched 40,0.405,0.269,0.068,0.0720,0.085,0.0011,0.0053,0.00783,0.122,0.00204,2.48
PIPE 1/8 Sched 80,0.405,0.215,0.095,0.0925,0.109,0.0012,0.0060,0.00942,0.115,0.00222,1.63
PIPE 1/4 Sched 40,0.540,0.364,0.088,0.125,0.147,0.0033,0.012,0.0182,0.163,0.00638,2.57
PIPE 1/4 Sched 80,0.540,0.302,0.119,0.157,0.185,0.0038,0.014,0.0217,0.155,0.00697,1.77
PIPE 3/8 Sched 40,0.675,0.493,0.091,0.167,0.196,0.0073,0.022,0.0313,0.209,0.0142,3.21
PIPE 3/8 Sched 80,0.675,0.423,0.126,0.217,0.256,0.0086,0.026,0.0386,0.199,0.0164,2.18
PIPE 1/2 Sched 5,0.840,0.710,0.065,0.158,0.186,0.012,0.028,0.0391,0.275,0.0238,5.96
PIPE 1/2 Sched 10,0.840,0.674,0.083,0.197,0.232,0.014,0.034,0.0478,0.269,0.0283,4.56
PIPE 1/2 Sched 40,0.840,0.622,0.109,0.250,0.294,0.017,0.041,0.0587,0.261,0.0334,3.35
PIPE 1/2 Sched 80,0.840,0.546,0.147,0.320,0.376,0.020,0.048,0.0717,0.250,0.0384,2.36
PIPE 1/2 Sched 160,0.840,0.464,0.188,0.385,0.453,0.022,0.053,0.0821,0.240,0.0409,1.73
PIPE 3/4 Sched 5,1.050,0.920,0.065,0.201,0.237,0.025,0.047,0.0632,0.349,0.0488,7.58
PIPE 3/4 Sched 10,1.050,0.884,0.083,0.252,0.297,0.030,0.057,0.0778,0.343,0.0589,5.83
PIPE 3/4 Sched 40,1.050,0.824,0.113,0.333,0.391,0.037,0.071,0.0997,0.334,0.0730,4.15
PIPE 3/4 Sched 80,1.050,0.742,0.154,0.433,0.51,0.045,0.085,0.125,0.321,0.0870,2.91
PIPE 3/4 Sched 160,1.050,0.612,0.219,0.572,0.672,0.053,0.101,0.155,0.304,0.0987,1.90
PIPE 1 Sched 5,1.315,1.185,0.065,0.255,0.300,0.050,0.076,0.102,0.443,0.100,9.62
PIPE 1 Sched 10,1.315,1.097,0.109,0.413,0.486,0.076,0.115,0.159,0.428,0.150,5.53
PIPE 1 Sched 40,1.315,1.049,0.133,0.494,0.581,0.087,0.133,0.187,0.421,0.173,4.44
PIPE 1 Sched 80,1.315,0.957,0.179,0.639,0.751,0.106,0.161,0.233,0.407,0.206,3.17
PIPE 1 Sched 160,1.315,0.815,0.250,0.836,0.984,0.125,0.190,0.289,0.387,0.237,2.13
PIPE 1.25 Sched 5,1.660,1.530,0.065,0.326,0.383,0.104,0.125,0.165,0.564,0.207,12.3
PIPE 1.25 Sched 10,1.660,1.442,0.109,0.531,0.625,0.160,0.193,0.263,0.550,0.319,7.11
PIPE 1.25 Sched 40,1.660,1.380,0.140,0.669,0.786,0.195,0.235,0.324,0.540,0.386,5.43
PIPE 1.25 Sched 80,1.660,1.278,0.191,0.881,1.04,0.242,0.291,0.414,0.524,0.476,3.85
PIPE 1.25 Sched 160,1.660,1.160,0.250,1.11,1.30,0.284,0.342,0.502,0.506,0.550,2.82
PIPE 1.5 Sched 5,1.900,1.770,0.065,0.375,0.441,0.158,0.166,0.219,0.649,0.315,14.1
PIPE 1.5 Sched 10,1.900,1.682,0.109,0.613,0.721,0.247,0.260,0.350,0.634,0.492,8.2
PIPE 1.5 Sched 40,1.900,1.610,0.145,0.799,0.940,0.310,0.326,0.448,0.623,0.616,6.1
PIPE 1.5 Sched 80,1.900,1.500,0.200,1.07,1.26,0.391,0.412,0.581,0.605,0.772,4.3
PIPE 1.5 Sched 160,1.900,1.338,0.281,1.43,1.68,0.482,0.508,0.744,0.581,0.937,2.9
PIPE 2 Sched 5,2.375,2.245,0.065,0.472,0.555,0.315,0.265,0.347,0.817,0.629,17.8
PIPE 2 Sched 10,2.375,2.157,0.109,0.776,0.913,0.499,0.420,0.56,0.802,1.00,10.4
PIPE 2 Sched 40,2.375,2.067,0.154,1.07,1.26,0.666,0.561,0.761,0.787,1.33,7.2
PIPE 2 Sched 80,2.375,1.939,0.218,1.48,1.74,0.868,0.731,1.02,0.766,1.72,4.9
PIPE 2 Sched 160,2.375,1.687,0.344,2.19,2.58,1.16,0.980,1.43,0.728,2.26,3.0
PIPE 2.5 Sched 5,2.875,2.709,0.083,0.728,0.856,0.71,0.494,0.647,0.988,1.42,16.8
PIPE 2.5 Sched 10,2.875,2.635,0.120,1.04,1.22,0.987,0.687,0.911,0.975,1.97,11.5
PIPE 2.5 Sched 40,2.875,2.469,0.203,1.70,2.00,1.53,1.06,1.45,0.947,3.04,6.6
PIPE 2.5 Sched 80,2.875,2.323,0.276,2.25,2.65,1.92,1.34,1.87,0.924,3.81,4.7
PIPE 2.5 Sched 160,2.875,2.125,0.375,2.95,3.46,2.35,1.64,2.36,0.894,4.60,3.3
PIPE 3 Sched 5,3.500,3.334,0.083,0.891,1.05,1.30,0.744,0.969,1.21,2.60,20.6
PIPE 3 Sched 10,3.500,3.260,0.120,1.27,1.50,1.82,1.04,1.37,1.20,3.64,14.1
PIPE 3 Sched 40,3.500,3.068,0.216,2.23,2.62,3.02,1.72,2.33,1.16,6.01,7.6
PIPE 3 Sched 80,3.500,2.900,0.300,3.02,3.55,3.89,2.23,3.08,1.14,7.72,5.3
PIPE 3 Sched 160,3.500,2.624,0.438,4.21,4.95,5.04,2.88,4.13,1.09,9.88,3.5
PIPE 3.5 Sched 5,4.000,3.834,0.083,1.02,1.20,1.96,0.98,1.27,1.39,3.92,23.6
PIPE 3.5 Sched 10,4.000,3.760,0.120,1.46,1.72,2.76,1.38,1.81,1.37,5.51,16.2
PIPE 3.5 Sched 40,4.000,3.548,0.226,2.68,3.15,4.79,2.39,3.22,1.34,9.54,8.3
PIPE 3.5 Sched 80,4.000,3.364,0.318,3.68,4.33,6.28,3.14,4.32,1.31,12.5,5.8
PIPE 4 Sched 5,4.500,4.334,0.083,1.15,1.35,2.81,1.25,1.62,1.56,5.62,26.6
PIPE 4 Sched 10,4.500,4.260,0.120,1.65,1.94,3.96,1.76,2.30,1.55,7.92,18.3
PIPE 4 Sched 40,4.500,4.026,0.237,3.17,3.73,7.23,3.21,4.31,1.51,14.4,9.0
PIPE 4 Sched 80,4.500,3.826,0.337,4.41,5.18,9.61,4.27,5.85,1.48,19.1,6.2
PIPE 4 Sched 120,4.500,3.624,0.438,5.59,6.57,11.7,5.18,7.25,1.44,23.1,4.6
PIPE 4 Sched 160,4.500,3.438,0.531,6.62,7.79,13.3,5.90,8.41,1.42,26.1,3.7
PIPE 5 Sched 5,5.563,5.345,0.109,1.87,2.20,6.95,2.50,3.24,1.93,13.9,25.0
PIPE 5 Sched 10,5.563,5.295,0.134,2.29,2.69,8.43,3.03,3.95,1.92,16.8,20.3
PIPE 5 Sched 40,5.563,5.047,0.258,4.30,5.06,15.2,5.45,7.27,1.88,30.3,10.3
PIPE 5 Sched 80,5.563,4.813,0.375,6.11,7.19,20.7,7.43,10.1,1.84,41.1,6.9
PIPE 5 Sched 120,5.563,4.563,0.500,7.95,9.35,25.7,9.25,12.9,1.80,51.0,5.1
PIPE 5 Sched 160,5.563,4.313,0.625,9.70,11.4,30.0,10.8,15.3,1.76,59.1,4.0
PIPE 6 Sched 5,6.625,6.407,0.109,2.23,2.62,11.8,3.58,4.63,2.30,23.7,29.9
PIPE 6 Sched 10,6.625,6.357,0.134,2.73,3.21,14.4,4.35,5.65,2.30,28.8,24.2
PIPE 6 Sched 40,6.625,6.065,0.280,5.58,6.56,28.1,8.50,11.3,2.25,56.2,11.3
PIPE 6 Sched 80,6.625,5.761,0.432,8.40,9.88,40.5,12.2,16.6,2.19,80.6,7.2
PIPE 6 Sched 120,6.625,5.501,0.562,10.7,12.6,49.6,15.0,20.7,2.15,98.4,5.4
PIPE 6 Sched 160,6.625,5.187,0.719,13.3,15.7,59.0,17.8,25.2,2.10,116,4.1
PIPE 8 Sched 5,8.625,8.407,0.109,2.92,3.43,26.4,6.13,7.91,3.01,52.9,39.1
PIPE 8 Sched 10,8.625,8.329,0.148,3.94,4.64,35.4,8.21,10.6,3.00,70.8,28.6
PIPE 8 Sched 20,8.625,8.125,0.250,6.58,7.74,57.7,13.4,17.5,2.96,115,16.8
PIPE 8 Sched 30,8.625,8.071,0.277,7.26,8.54,63.4,14.7,19.3,2.95,127,15.1
PIPE 8 Sched 40,8.625,7.981,0.322,8.40,9.88,72.5,16.8,22.2,2.94,145,12.9
PIPE 8 Sched 60,8.625,7.813,0.406,10.5,12.3,88.7,20.6,27.4,2.91,177,10.1
PIPE 8 Sched 80,8.625,7.625,0.500,12.8,15.0,106,24.5,33.0,2.88,211,8.1
PIPE 8 Sched 100,8.625,7.437,0.594,15.0,17.6,121,28.2,38.4,2.85,242,6.8
PIPE 8 Sched 120,8.625,7.187,0.719,17.9,21.0,141,32.6,45.1,2.81,279,5.5
PIPE 8 Sched 140,8.625,7.001,0.812,19.9,23.4,154,35.6,49.7,2.78,304,4.8
PIPE 8 Sched 160,8.625,6.813,0.906,22.0,25.8,166,38.5,54.2,2.75,327,4.3
PIPE 10 Sched 5,10.750,10.482,0.134,4.47,5.26,63.0,11.7,15.1,3.75,126,39.6
PIPE 10 Sched 10,10.750,10.420,0.165,5.49,6.45,76.9,14.3,18.5,3.74,154,32.1
PIPE 10 Sched 20,10.750,10.250,0.25,8.25,9.70,114,21.2,27.6,3.71,227,21.0
PIPE 10 Sched 30,10.750,10.136,0.307,10.1,11.8,137,25.6,33.5,3.69,275,17.0
PIPE 10 Sched 40,10.750,10.020,0.365,11.9,14.0,161,29.9,39.4,3.67,321,14.2
PIPE 10 Sched 60,10.750,9.750,0.500,16.1,18.9,212,39.4,52.6,3.63,423,10.3
PIPE 10 Sched 80,10.750,9.562,0.594,19,22.3,245,45.6,61.3,3.60,489,8.5
PIPE 10 Sched 100,10.750,9.312,0.719,22.7,26.6,286,53.3,72.5,3.56,570,7.0
PIPE 12 Sched 5,12.750,12.438,0.156,6.17,7.26,122,19.2,24.7,4.45,245,40.4
PIPE 12 Sched 10,12.750,12.390,0.180,7.11,8.36,140,22.0,28.4,4.44,281,34.9
PIPE 12 Sched 20,12.750,12.250,0.250,9.82,11.5,192,30.1,39.1,4.42,383,25.0
PIPE 12 Sched 30,12.750,12.090,0.330,12.9,15.1,248,39.0,50.9,4.39,497,18.8
PIPE 12 Sched 40,12.750,11.938,0.406,15.7,18.5,300,47.1,61.9,4.37,600,15.2
PIPE 12 Sched 60,12.750,11.626,0.562,21.5,25.3,400,62.8,83.5,4.31,799,10.8
PIPE 12 Sched 80,12.750,11.374,0.688,26.1,30.7,476,74.6,100,4.27,948,8.8
